FullName,JobTitle,Department,BusinessUnit,Gender,Age,AnnualSalary,Country,City
Emily Davis,Sr. Manger,IT,Research & Development,Female,55,"$141,604 ",United States,Seattle
Theodore Dinh,Technical Architect,IT,Manufacturing,Male,59,"$99,975 ",China,Chongqing
Luna Sanders,Director,Finance,Speciality Products,Female,50,"$163,099 ",United States,Chicago
Penelope Jordan,Computer Systems Manager,IT,Manufacturing,Female,26,"$84,913 ",United States,Chicago
Austin Vo,Sr. Analyst,Finance,Manufacturing,Male,55,"$95,409 ",United States,Phoenix
Joshua Gupta,Account Representative,Sales,Corporate,Male,57,"$50,994 ",China,Chongqing
Ruby Barnes,Manager,IT,Corporate,Female,27,"$119,746 ",United States,Phoenix
Luke Martin,Analyst,Finance,Manufacturing,Male,25,"$41,336 ",United States,Miami
Easton Bailey,Manager,Accounting,Manufacturing,Male,29,"$113,527 ",United States,Austin
Madeline Walker,Sr. Analyst,Finance,Speciality Products,Female,34,"$77,203 ",United States,Chicago
Savannah Ali,Sr. Manger,Human Resources,Manufacturing,Female,36,"$157,333 ",United States,Miami
Camila Rogers,Controls Engineer,Engineering,Speciality Products,Female,27,"$109,851 ",United States,Seattle
Eli Jones,Manager,Human Resources,Manufacturing,Male,59,"$105,086 ",United States,Austin
Everleigh Ng,Sr. Manger,Finance,Research & Development,Female,51,"$146,742 ",China,Shanghai
Robert Yang,Sr. Analyst,Accounting,Speciality Products,Male,31,"$97,078 ",United States,Austin
Isabella Xi,Vice President,Marketing,Research & Development,Female,41,"$249,270 ",United States,Seattle
Bella Powell,Director,Finance,Research & Development,Female,65,"$175,837 ",United States,Phoenix
Camila Silva,Sr. Manger,Marketing,Speciality Products,Female,64,"$154,828 ",United States,Seattle
David Barnes,Director,IT,Corporate,Male,64,"$186,503 ",United States,Columbus
Adam Dang,Director,Sales,Research & Development,Male,45,"$166,331 ",China,Chongqing
Elias Alvarado,Sr. Manger,IT,Manufacturing,Male,56,"$146,140 ",Brazil,Manaus
Eva Rivera,Director,Sales,Manufacturing,Female,36,"$151,703 ",United States,Miami
Logan Rivera,Director,IT,Research & Development,Male,59,"$172,787 ",Brazil,Rio de Janerio
Leonardo Dixon,Analyst,Sales,Speciality Products,Male,37,"$49,998 ",United States,Seattle
Mateo Her,Vice President,Sales,Speciality Products,Male,44,"$207,172 ",China,Chongqing
Jose Henderson,Director,Human Resources,Speciality Products,Male,41,"$152,239 ",United States,Columbus
Abigail Mejia,Quality Engineer,Engineering,Corporate,Female,56,"$98,581 ",Brazil,Rio de Janerio
Wyatt Chin,Vice President,Engineering,Speciality Products,Male,43,"$246,231 ",United States,Seattle
Carson Lu,Engineering Manager,Engineering,Speciality Products,Male,64,"$99,354 ",China,Beijing
Dylan Choi,Vice President,IT,Corporate,Male,63,"$231,141 ",China,Beijing
Ezekiel Kumar,IT Coordinator,IT,Research & Development,Male,28,"$54,775 ",United States,Columbus
Dominic Guzman,Analyst,Finance,Manufacturing,Male,65,"$55,499 ",Brazil,Manaus
Angel Powell,Analyst II,Sales,Research & Development,Male,61,"$66,521 ",United States,Seattle
Mateo Vu,Account Representative,Sales,Speciality Products,Male,30,"$59,100 ",China,Chongqing
Caroline Jenkins,Analyst,Finance,Research & Development,Female,27,"$49,011 ",United States,Chicago
Nora Brown,Enterprise Architect,IT,Manufacturing,Female,32,"$99,575 ",United States,Austin
Adeline Huang,Controls Engineer,Engineering,Manufacturing,Female,34,"$99,989 ",China,Chengdu
Jackson Perry,Vice President,Marketing,Research & Development,Male,27,"$256,420 ",United States,Phoenix
Riley Padilla,Technical Architect,IT,Manufacturing,Female,35,"$78,940 ",United States,Miami
Leah Pena,Enterprise Architect,IT,Corporate,Female,57,"$82,872 ",Brazil,Manaus
Owen Lam,Sr. Business Partner,Human Resources,Speciality Products,Male,30,"$86,317 ",China,Chengdu
Kennedy Foster,Manager,Marketing,Speciality Products,Female,53,"$113,135 ",United States,Austin
John Moore,Vice President,IT,Speciality Products,Male,52,"$199,808 ",United States,Seattle
William Vu,Account Representative,Sales,Speciality Products,Male,37,"$56,037 ",China,Shanghai
Sadie Washington,Sr. Manger,Marketing,Research & Development,Female,29,"$122,350 ",United States,Phoenix
Gabriel Holmes,Enterprise Architect,IT,Research & Development,Male,40,"$92,952 ",United States,Seattle
Wyatt Rojas,Computer Systems Manager,IT,Corporate,Male,32,"$79,921 ",United States,Austin
Eva Coleman,Director,IT,Research & Development,Female,37,"$167,199 ",United States,Seattle
Dominic Clark,Quality Engineer,Engineering,Research & Development,Male,52,"$71,476 ",United States,Phoenix
Lucy Alexander,Director,Engineering,Manufacturing,Female,45,"$189,420 ",United States,Seattle
Everleigh Washington,HRIS Analyst,Human Resources,Research & Development,Female,64,"$64,057 ",United States,Phoenix
Leilani Butler,Analyst II,Marketing,Manufacturing,Female,27,"$68,728 ",United States,Phoenix
Peyton Huang,Sr. Manger,IT,Manufacturing,Female,25,"$125,633 ",China,Beijing
John Contreras,Analyst II,Marketing,Manufacturing,Male,35,"$66,889 ",United States,Columbus
Rylee Yu,Director,Accounting,Research & Development,Female,36,"$178,700 ",United States,Seattle
Piper Lewis,Field Engineer,Engineering,Research & Development,Female,33,"$83,990 ",United States,Chicago
Stella Alexander,Automation Engineer,Engineering,Corporate,Female,52,"$102,043 ",United States,Chicago
Addison Do,Operations Engineer,Engineering,Manufacturing,Female,46,"$90,678 ",United States,Columbus
Zoey Jackson,Business Partner,Human Resources,Manufacturing,Female,46,"$59,067 ",United States,Miami
John Chow,Sr. Manger,Marketing,Research & Development,Male,45,"$135,062 ",China,Chengdu
Ava Ayala,Sr. Manger,IT,Corporate,Female,55,"$159,044 ",Brazil,Manaus
Natalia Salazar,Sr. Analyst,Accounting,Manufacturing,Female,44,"$74,691 ",Brazil,Manaus
Skylar Carrillo,Engineering Manager,Engineering,Corporate,Female,44,"$92,753 ",United States,Austin
Christian Sanders,Vice President,Human Resources,Speciality Products,Male,45,"$236,946 ",United States,Seattle
Penelope Coleman,Analyst,Finance,Corporate,Female,36,"$48,906 ",United States,Miami
Piper Richardson,Sr. Analyst,Sales,Corporate,Female,38,"$80,024 ",United States,Columbus
Everly Walker,HRIS Analyst,Human Resources,Speciality Products,Female,41,"$54,415 ",United States,Seattle
Aurora Ali,Manager,Marketing,Research & Development,Female,30,"$120,341 ",United States,Seattle
Penelope Guerrero,Vice President,IT,Speciality Products,Female,43,"$208,415 ",United States,Seattle
Anna Mehta,Cloud Infrastructure Architect,IT,Speciality Products,Female,32,"$78,844 ",United States,Seattle
William Foster,Field Engineer,Engineering,Manufacturing,Male,58,"$76,354 ",United States,Phoenix
Jade Rojas,Director,Finance,Speciality Products,Female,37,"$165,927 ",United States,Phoenix
Isla Espinoza,Manager,Accounting,Speciality Products,Female,38,"$109,812 ",Brazil,Manaus
David Chu,Controls Engineer,Engineering,Corporate,Male,55,"$86,299 ",United States,Seattle
Thomas Padilla,Vice President,Marketing,Research & Development,Male,57,"$206,624 ",Brazil,Sao Paulo
Miles Salazar,IT Coordinator,IT,Manufacturing,Male,36,"$53,215 ",Brazil,Sao Paulo
Mila Hong,Test Engineer,Engineering,Research & Development,Female,30,"$86,858 ",China,Chongqing
Benjamin Moua,Computer Systems Manager,IT,Manufacturing,Male,40,"$93,971 ",China,Chongqing
Samuel Morales,Analyst II,Finance,Corporate,Male,34,"$57,008 ",United States,Phoenix
John Soto,Sr. Manger,Finance,Manufacturing,Male,60,"$141,899 ",United States,Phoenix
Joseph Martin,Analyst II,Marketing,Corporate,Male,41,"$64,847 ",United States,Miami
Jose Ross,Engineering Manager,Engineering,Research & Development,Male,53,"$116,878 ",United States,Miami
Parker James,Quality Engineer,Engineering,Speciality Products,Male,45,"$70,505 ",United States,Austin
Everleigh Fernandez,Director,Engineering,Research & Development,Female,30,"$189,702 ",Brazil,Manaus
Lincoln Hall,Director,Accounting,Speciality Products,Male,26,"$180,664 ",United States,Chicago
Willow Mai,Business Partner,Human Resources,Manufacturing,Female,45,"$48,345 ",China,Chengdu
Jack Cheng,Director,Human Resources,Manufacturing,Male,42,"$152,214 ",China,Beijing
Genesis Navarro,Cloud Infrastructure Architect,IT,Corporate,Female,41,"$69,803 ",Brazil,Manaus
Eliza Hernandez,Network Architect,IT,Corporate,Female,48,"$76,588 ",Brazil,Rio de Janerio
Gabriel Brooks,Network Engineer,IT,Manufacturing,Male,29,"$84,596 ",United States,Miami
Jack Huynh,Manager,Marketing,Research & Development,Male,27,"$114,441 ",China,Chongqing
Everly Chow,Sr. Manger,Finance,Speciality Products,Female,33,"$140,402 ",China,Beijing
Amelia Salazar,Analyst II,Finance,Corporate,Female,26,"$59,817 ",Brazil,Sao Paulo
Xavier Zheng,Account Representative,Sales,Manufacturing,Male,31,"$55,854 ",United States,Austin
Matthew Chau,Sr. Business Partner,Human Resources,Research & Development,Male,53,"$95,998 ",United States,Seattle
Mia Cheng,Sr. Manger,Sales,Manufacturing,Female,34,"$154,941 ",United States,Phoenix
Rylee Yu,Vice President,Finance,Speciality Products,Female,54,"$247,022 ",China,Beijing
Zoe Romero,Network Architect,IT,Manufacturing,Female,32,"$88,072 ",Brazil,Sao Paulo
Nolan Bui,Computer Systems Manager,IT,Research & Development,Male,28,"$67,925 ",China,Shanghai
Nevaeh Jones,Vice President,Sales,Manufacturing,Female,31,"$219,693 ",United States,Austin
Samantha Adams,Test Engineer,Engineering,Research & Development,Female,45,"$61,773 ",United States,Seattle
Madeline Shin,Computer Systems Manager,IT,Speciality Products,Female,48,"$74,546 ",United States,Seattle
Noah King,Development Engineer,Engineering,Speciality Products,Male,56,"$62,575 ",United States,Miami
Leilani Chow,Director,Human Resources,Corporate,Female,27,"$199,041 ",China,Beijing
Connor Simmons,Analyst II,Accounting,Speciality Products,Male,55,"$52,310 ",United States,Miami
Grayson Cooper,Sr. Manger,Finance,Speciality Products,Male,64,"$159,571 ",United States,Columbus
Ivy Soto,Field Engineer,Engineering,Research & Development,Female,50,"$91,763 ",United States,Austin
Aurora Simmons,Development Engineer,Engineering,Corporate,Female,51,"$96,475 ",United States,Austin
Andrew Thomas,Controls Engineer,Engineering,Manufacturing,Male,36,"$113,781 ",United States,Columbus
Ezekiel Desai,Director,Finance,Research & Development,Male,42,"$166,599 ",United States,Seattle
Gabriella Gupta,Sr. Account Representative,Sales,Corporate,Female,41,"$95,372 ",China,Shanghai
Skylar Liu,Director,IT,Research & Development,Female,29,"$161,203 ",China,Chengdu
Nova Coleman,System Administrator ,IT,Manufacturing,Female,44,"$74,738 ",United States,Miami
Evelyn Dinh,Director,Sales,Research & Development,Female,41,"$171,173 ",United States,Columbus
Brooks Marquez,Vice President,Sales,Corporate,Male,61,"$201,464 ",United States,Chicago
Connor Joseph,Director,Human Resources,Corporate,Male,50,"$174,895 ",United States,Chicago
Mia Lam,Sr. Manger,IT,Manufacturing,Female,49,"$134,486 ",United States,Austin
Scarlett Rodriguez,Sr. Analyst,Finance,Manufacturing,Female,60,"$71,699 ",Brazil,Manaus
Cora Rivera,Sr. Analyst,Marketing,Corporate,Female,42,"$94,430 ",United States,Seattle
Liam Jung,Manager,Finance,Corporate,Male,39,"$103,504 ",China,Chengdu
Sophia Huynh,Enterprise Architect,IT,Manufacturing,Female,55,"$92,771 ",United States,Miami
Athena Carrillo,Analyst II,Finance,Speciality Products,Female,39,"$71,531 ",United States,Columbus
Greyson Sanders,Cloud Infrastructure Architect,IT,Speciality Products,Male,28,"$90,304 ",United States,Chicago
Vivian Lewis,Manager,Marketing,Manufacturing,Female,65,"$104,903 ",United States,Columbus
Elena Vang,Analyst,Finance,Corporate,Female,52,"$55,859 ",China,Beijing
Natalia Diaz,Operations Engineer,Engineering,Corporate,Female,62,"$79,785 ",United States,Austin
Mila Leung,Sr. Analyst,Marketing,Corporate,Female,39,"$99,017 ",China,Beijing
Ava Nelson,Systems Analyst,IT,Manufacturing,Female,63,"$53,809 ",United States,Phoenix
Mateo Chu,Field Engineer,Engineering,Speciality Products,Male,27,"$71,864 ",China,Chengdu
Isla Lai,Vice President,Finance,Corporate,Female,37,"$225,558 ",China,Shanghai
Ezekiel Reed,Sr. Manger,IT,Manufacturing,Male,37,"$128,984 ",United States,Miami
Nolan Guzman,Field Engineer,Engineering,Speciality Products,Male,46,"$96,997 ",Brazil,Sao Paulo
Everleigh Espinoza,Director,Human Resources,Manufacturing,Female,54,"$176,294 ",United States,Austin
Evelyn Jung,Analyst,Sales,Research & Development,Female,30,"$48,340 ",China,Beijing
Sophie Silva,Vice President,Engineering,Corporate,Female,28,"$240,488 ",Brazil,Rio de Janerio
Mateo Williams,Enterprise Architect,IT,Manufacturing,Male,40,"$97,339 ",United States,Austin
Kennedy Rahman,Vice President,Human Resources,Manufacturing,Female,49,"$211,291 ",China,Chongqing
Levi Mendez,Vice President,Sales,Research & Development,Male,39,"$249,506 ",Brazil,Rio de Janerio
Julian Fong,Quality Engineer,Engineering,Speciality Products,Male,61,"$80,950 ",China,Chongqing
Nevaeh Kang,Automation Engineer,Engineering,Research & Development,Female,46,"$86,538 ",China,Chengdu
Hannah Nelson,Sr. Analyst,Marketing,Speciality Products,Female,35,"$70,992 ",United States,Austin
Anthony Rogers,Vice President,Engineering,Corporate,Male,33,"$205,314 ",United States,Columbus
Paisley Kang,Vice President,Human Resources,Corporate,Female,61,"$196,951 ",China,Beijing
Matthew Gupta,Network Engineer,IT,Speciality Products,Male,45,"$67,686 ",China,Beijing
Silas Chavez,Technical Architect,IT,Research & Development,Male,51,"$86,431 ",United States,Columbus
Colton Thao,Manager,Human Resources,Manufacturing,Male,55,"$125,936 ",China,Chongqing
Genesis Perry,Sr. Manger,Sales,Corporate,Female,46,"$149,712 ",United States,Columbus
Alexander Bryant,Field Engineer,Engineering,Speciality Products,Male,30,"$88,758 ",United States,Seattle
Elias Zhang,Solutions Architect,IT,Research & Development,Male,54,"$83,639 ",China,Beijing
Lily Carter,Network Architect,IT,Research & Development,Female,54,"$68,268 ",United States,Phoenix
Joseph Ruiz,Field Engineer,Engineering,Manufacturing,Male,45,"$75,819 ",Brazil,Sao Paulo
Avery Bailey,Sr. Analyst,Sales,Speciality Products,Female,49,"$86,658 ",United States,Phoenix
Miles Hsu,Analyst II,Finance,Research & Development,Male,55,"$74,552 ",China,Chengdu
Piper Cheng,Enterprise Architect,IT,Manufacturing,Female,62,"$82,839 ",United States,Miami
Skylar Watson,Network Architect,IT,Speciality Products,Female,28,"$64,475 ",United States,Phoenix
Jaxon Park,Network Architect,IT,Manufacturing,Male,33,"$69,453 ",China,Chengdu
Elijah Henry,Manager,IT,Corporate,Male,32,"$127,148 ",United States,Miami
Camila Watson,Vice President,Finance,Speciality Products,Female,32,"$190,253 ",United States,Austin
Lucas Thomas,Manager,Accounting,Research & Development,Male,55,"$115,798 ",United States,Miami
Skylar Doan,Sr. Business Partner,Human Resources,Research & Development,Female,58,"$93,102 ",United States,Seattle
Hudson Liu,Engineering Manager,Engineering,Speciality Products,Male,34,"$110,054 ",United States,Miami
Gianna Williams,Quality Engineer,Engineering,Research & Development,Female,27,"$95,786 ",United States,Chicago
Jaxson Sandoval,Sr. Analyst,Sales,Speciality Products,Male,61,"$90,855 ",Brazil,Sao Paulo
Jameson Alvarado,Enterprise Architect,IT,Manufacturing,Male,47,"$92,897 ",Brazil,Sao Paulo
Joseph Ly,Vice President,Marketing,Speciality Products,Male,40,"$242,919 ",China,Chongqing
Daniel Richardson,Director,Engineering,Speciality Products,Male,30,"$184,368 ",United States,Austin
Elias Figueroa,Sr. Manger,Finance,Corporate,Male,45,"$144,754 ",United States,Phoenix
Emma Brooks,Sr. Account Representative,Sales,Research & Development,Female,30,"$89,458 ",United States,Austin
Isla Wong,Vice President,Accounting,Corporate,Female,56,"$190,815 ",United States,Austin
Everly Walker,Sr. Manger,Sales,Research & Development,Female,62,"$137,995 ",United States,Austin
Mila Pena,Sr. Business Partner,Human Resources,Manufacturing,Female,45,"$93,840 ",Brazil,Manaus
Mason Zhao,Technical Architect,IT,Research & Development,Male,46,"$94,790 ",China,Chongqing
Jaxson Mai,Vice President,Human Resources,Research & Development,Male,48,"$197,367 ",United States,Austin
Ava Garza,Director,Accounting,Manufacturing,Female,27,"$174,097 ",United States,Phoenix
Nathan Mendez,Manager,IT,Speciality Products,Male,53,"$120,128 ",United States,Austin
Maria Griffin,Manager,Marketing,Manufacturing,Female,59,"$129,708 ",United States,Miami
Alexander Choi,Manager,Marketing,Research & Development,Male,55,"$102,270 ",United States,Chicago
Maria Hong,Vice President,Finance,Speciality Products,Female,43,"$249,686 ",China,Chongqing
Sophie Ali,Analyst,Finance,Manufacturing,Female,55,"$50,475 ",United States,Columbus
Julian Ross,Manager,Marketing,Research & Development,Male,51,"$100,099 ",United States,Miami
Emma Hill,IT Coordinator,IT,Manufacturing,Female,54,"$41,673 ",United States,Miami
Leilani Yee,Sr. Analyst,Marketing,Speciality Products,Female,47,"$70,996 ",China,Chengdu
Jack Brown,Analyst,Marketing,Corporate,Male,55,"$40,752 ",United States,Phoenix
Charlotte Chu,Network Engineer,IT,Manufacturing,Female,50,"$97,537 ",China,Chengdu
Jeremiah Chu,IT Systems Architect,IT,Research & Development,Male,31,"$96,567 ",China,Shanghai
Miles Cho,Systems Analyst,IT,Speciality Products,Male,47,"$49,404 ",China,Beijing
Caleb Marquez,IT Systems Architect,IT,Research & Development,Male,29,"$66,819 ",Brazil,Rio de Janerio
Eli Soto,Analyst,Marketing,Speciality Products,Male,38,"$50,784 ",Brazil,Rio de Janerio
Carter Mejia,Sr. Manger,Human Resources,Research & Development,Male,29,"$125,828 ",Brazil,Sao Paulo
Ethan Clark,Sr. Business Partner,Human Resources,Manufacturing,Male,33,"$92,610 ",United States,Columbus
Asher Jackson,Sr. Manger,Sales,Speciality Products,Male,50,"$123,405 ",United States,Columbus
Ayla Ng,Account Representative,Sales,Manufacturing,Female,46,"$73,004 ",China,Beijing
Jose Kang,Engineering Manager,Engineering,Corporate,Male,57,"$95,061 ",China,Shanghai
Aubrey Romero,Director,Sales,Corporate,Female,49,"$160,832 ",United States,Phoenix
Jaxson Wright,Service Desk Analyst,IT,Manufacturing,Male,54,"$64,417 ",United States,Columbus
Elias Ali,Manager,Sales,Corporate,Male,28,"$127,543 ",China,Shanghai
Nolan Pena,Analyst,Marketing,Manufacturing,Male,30,"$56,154 ",Brazil,Sao Paulo
Luna Liu,Vice President,Sales,Manufacturing,Female,36,"$218,530 ",China,Shanghai
Brooklyn Reyes,Service Desk Analyst,IT,Manufacturing,Female,36,"$91,954 ",United States,Columbus
Hadley Parker,Vice President,Marketing,Corporate,Female,30,"$221,217 ",United States,Columbus
Jonathan Chavez,System Administrator ,IT,Manufacturing,Male,29,"$87,536 ",United States,Seattle
Sarah Ayala,Analyst,Sales,Corporate,Female,47,"$41,429 ",United States,Seattle
Elijah Kang,Vice President,Engineering,Manufacturing,Male,35,"$245,482 ",United States,Seattle
Ella White,Development Engineer,Engineering,Manufacturing,Female,25,"$71,359 ",United States,Phoenix
Jordan Truong,Director,Engineering,Speciality Products,Male,45,"$183,161 ",United States,Miami
Daniel Jordan,Network Administrator,IT,Corporate,Male,58,"$69,260 ",United States,Phoenix
Daniel Dixon,Operations Engineer,Engineering,Speciality Products,Male,51,"$95,639 ",United States,Austin
Luca Duong,Manager,Human Resources,Research & Development,Male,48,"$120,660 ",China,Chengdu
Levi Brown,Sr. Analyst,Sales,Corporate,Male,36,"$75,119 ",United States,Chicago
Mason Cho,Vice President,Accounting,Research & Development,Male,59,"$192,213 ",United States,Chicago
Nova Herrera,Account Representative,Sales,Speciality Products,Female,45,"$65,047 ",Brazil,Sao Paulo
Elijah Watson,Sr. Manger,Sales,Manufacturing,Male,29,"$151,413 ",United States,Seattle
Wesley Gray,Sr. Analyst,Accounting,Speciality Products,Male,62,"$76,906 ",United States,Seattle
Wesley Sharma,Manager,IT,Corporate,Male,51,"$122,802 ",China,Shanghai
Mateo Mendez,Development Engineer,Engineering,Research & Development,Male,47,"$99,091 ",United States,Austin
Jose Molina,Controls Engineer,Engineering,Manufacturing,Male,40,"$113,987 ",Brazil,Manaus
Luna Simmons,Sr. Analyst,Finance,Corporate,Female,28,"$95,045 ",United States,Chicago
Samantha Barnes,Vice President,Marketing,Speciality Products,Female,29,"$190,401 ",United States,Columbus
Hunter Ortiz,Sr. Analyst,Finance,Corporate,Male,46,"$86,061 ",Brazil,Rio de Janerio
Thomas Aguilar,Sr. Account Representative,Sales,Speciality Products,Male,45,"$79,882 ",United States,Phoenix
Skylar Bell,Vice President,Engineering,Manufacturing,Female,30,"$255,431 ",United States,Columbus
Anna Zhu,Service Desk Analyst,IT,Manufacturing,Female,48,"$82,017 ",China,Beijing
Ella Hunter,Analyst,Finance,Manufacturing,Female,51,"$53,799 ",United States,Columbus
Emery Hunter,Sr. Analyst,Sales,Corporate,Female,28,"$82,739 ",United States,Phoenix
Sofia Parker,Cloud Infrastructure Architect,IT,Manufacturing,Female,36,"$99,080 ",United States,Chicago
Lucy Fong,Sr. Account Representative,Sales,Corporate,Female,40,"$96,719 ",China,Chengdu
Vivian Barnes,Director,Human Resources,Research & Development,Female,51,"$180,687 ",United States,Phoenix
Kai Chow,Engineering Manager,Engineering,Corporate,Male,45,"$95,743 ",United States,Austin
Melody Cooper,Development Engineer,Engineering,Research & Development,Female,44,"$89,695 ",United States,Austin
James Bui,Manager,Finance,Manufacturing,Male,64,"$122,753 ",China,Chongqing
Liam Grant,Sr. Business Partner,Human Resources,Research & Development,Male,30,"$93,734 ",United States,Phoenix
Owen Han,Analyst,Accounting,Corporate,Male,28,"$52,069 ",China,Chongqing
Kinsley Vega,Vice President,Accounting,Corporate,Female,33,"$258,426 ",Brazil,Rio de Janerio
Leonardo Martin,Manager,Finance,Speciality Products,Male,51,"$125,375 ",United States,Chicago
Greyson Lam,Vice President,Accounting,Manufacturing,Male,25,"$198,243 ",United States,Miami
Emilia Rivera,Test Engineer,Engineering,Research & Development,Female,42,"$96,023 ",United States,Miami
Penelope Johnson,Sr. Analyst,Marketing,Research & Development,Female,34,"$83,066 ",United States,Chicago
Eva Figueroa,Analyst II,Sales,Research & Development,Female,48,"$61,216 ",United States,Seattle
Ezekiel Jordan,Sr. Manger,Accounting,Corporate,Male,33,"$144,231 ",United States,Columbus
Luke Mai,HRIS Analyst,Human Resources,Research & Development,Male,41,"$51,630 ",China,Beijing
Charles Diaz,Sr. Manger,Sales,Corporate,Male,55,"$124,129 ",Brazil,Sao Paulo
Adam Espinoza,Test Engineer,Engineering,Manufacturing,Male,36,"$60,055 ",United States,Seattle
Jack Maldonado,Director,Engineering,Research & Development,Male,31,"$189,290 ",Brazil,Sao Paulo
Cora Jiang,Vice President,IT,Corporate,Female,53,"$182,202 ",United States,Austin
Cooper Mitchell,Manager,Sales,Speciality Products,Male,43,"$117,518 ",United States,Seattle
Layla Torres,Sr. Manger,Finance,Manufacturing,Female,37,"$157,474 ",Brazil,Rio de Janerio
Jack Edwards,Manager,Marketing,Manufacturing,Male,38,"$126,856 ",United States,Columbus
Eleanor Chan,Sr. Manger,Accounting,Manufacturing,Female,49,"$129,124 ",China,Shanghai
Aria Xi,Director,Sales,Research & Development,Female,45,"$165,181 ",United States,Seattle
John Vega,Vice President,Finance,Corporate,Male,50,"$247,939 ",Brazil,Rio de Janerio
Luke Munoz,Director,Engineering,Speciality Products,Male,64,"$169,509 ",Brazil,Manaus
Sarah Daniels,Sr. Manger,Accounting,Manufacturing,Female,55,"$138,521 ",United States,Miami
Aria Castro,Engineering Manager,Engineering,Speciality Products,Female,45,"$113,873 ",Brazil,Rio de Janerio
Autumn Joseph,Enterprise Architect,IT,Corporate,Female,39,"$73,317 ",United States,Miami
Evelyn Liang,Service Desk Analyst,IT,Speciality Products,Female,40,"$69,096 ",United States,Seattle
Henry Alvarez,Sr. Business Partner,Human Resources,Manufacturing,Male,48,"$87,158 ",Brazil,Manaus
Benjamin Delgado,Test Engineer,Engineering,Corporate,Male,64,"$70,778 ",United States,Austin
Zoe Rodriguez,Director,Human Resources,Speciality Products,Female,65,"$153,938 ",United States,Phoenix
Axel Chu,Systems Analyst,IT,Research & Development,Male,43,"$59,888 ",China,Beijing
Cameron Evans,Test Engineer,Engineering,Corporate,Male,50,"$63,098 ",United States,Columbus
Isabella Soto,Vice President,Finance,Corporate,Female,27,"$255,369 ",Brazil,Sao Paulo
Eva Jenkins,Sr. Manger,Human Resources,Manufacturing,Female,55,"$142,318 ",United States,Chicago
Cameron Powell,Business Partner,Human Resources,Manufacturing,Male,41,"$49,186 ",United States,Austin
Samantha Foster,Vice President,Human Resources,Research & Development,Female,34,"$220,937 ",United States,Austin
Jade Li,Director,IT,Speciality Products,Female,47,"$183,156 ",United States,Seattle
Kinsley Acosta,Vice President,IT,Speciality Products,Female,32,"$192,749 ",United States,Chicago
Clara Kang,Sr. Manger,IT,Manufacturing,Female,39,"$135,325 ",United States,Phoenix
Harper Alexander,Sr. Analyst,Sales,Speciality Products,Female,26,"$79,356 ",United States,Phoenix
Carter Reed,Development Engineer,Engineering,Manufacturing,Male,40,"$74,412 ",United States,Seattle
Charlotte Ruiz,Computer Systems Manager,IT,Manufacturing,Female,32,"$61,886 ",Brazil,Rio de Janerio
Everleigh Jiang,Director,Accounting,Research & Development,Female,58,"$173,071 ",United States,Columbus
Audrey Smith,Field Engineer,Engineering,Research & Development,Female,58,"$70,189 ",United States,Columbus
Emery Acosta,Vice President,Sales,Research & Development,Female,42,"$181,452 ",United States,Columbus
Charles Robinson,HRIS Analyst,Human Resources,Speciality Products,Male,26,"$70,369 ",United States,Seattle
Landon Lopez,Sr. Analyst,Accounting,Manufacturing,Male,38,"$78,056 ",Brazil,Sao Paulo
Miles Mehta,Director,Finance,Research & Development,Male,64,"$189,933 ",United States,Miami
Ezra Simmons,Automation Engineer,Engineering,Speciality Products,Male,38,"$78,237 ",United States,Phoenix
Nora Santiago,Analyst,Accounting,Research & Development,Female,55,"$48,687 ",Brazil,Rio de Janerio
Caroline Herrera,Sr. Manger,Marketing,Manufacturing,Female,45,"$121,065 ",Brazil,Rio de Janerio
David Owens,Sr. Analyst,Sales,Corporate,Male,43,"$94,246 ",United States,Austin
Avery Yee,Systems Analyst,IT,Manufacturing,Female,34,"$44,614 ",United States,Miami
Xavier Park,Vice President,IT,Research & Development,Male,40,"$234,469 ",China,Chengdu
Asher Morales,Automation Engineer,Engineering,Research & Development,Male,52,"$88,272 ",Brazil,Sao Paulo
Mason Cao,Analyst II,Finance,Corporate,Male,52,"$74,449 ",China,Beijing
Joshua Fong,Vice President,Engineering,Speciality Products,Male,47,"$222,941 ",China,Beijing
Maria Chin,Analyst,Marketing,Manufacturing,Female,65,"$50,341 ",China,Beijing
Eva Garcia,HRIS Analyst,Human Resources,Corporate,Female,31,"$72,235 ",Brazil,Manaus
Anna Molina,Sr. Analyst,Accounting,Corporate,Female,41,"$70,165 ",United States,Columbus
Logan Bryant,Sr. Manger,Marketing,Speciality Products,Male,30,"$148,485 ",United States,Miami
Isla Han,Technical Architect,IT,Manufacturing,Female,58,"$86,089 ",United States,Chicago
Christopher Vega,Engineering Manager,Engineering,Research & Development,Male,54,"$106,313 ",United States,Chicago
Lillian Park,Analyst,Marketing,Research & Development,Female,40,"$46,833 ",China,Chengdu
Kennedy Zhang,Director,Finance,Research & Development,Female,63,"$155,320 ",China,Chongqing
Eli Han,Sr. Analyst,Accounting,Manufacturing,Male,40,"$89,984 ",China,Chengdu
Julia Pham,Engineering Manager,Engineering,Speciality Products,Female,65,"$83,756 ",China,Shanghai
Hailey Shin,Director,Human Resources,Corporate,Female,57,"$176,324 ",China,Shanghai
Connor Grant,Sr. Analyst,Accounting,Speciality Products,Male,27,"$74,077 ",United States,Seattle
Natalia Owens,Manager,Human Resources,Manufacturing,Female,31,"$104,162 ",United States,Austin
Maria He,IT Systems Architect,IT,Corporate,Female,45,"$82,162 ",China,Beijing
Jade Yi,Account Representative,Sales,Speciality Products,Female,47,"$63,880 ",China,Chongqing
Quinn Xiong,Test Engineer,Engineering,Research & Development,Female,55,"$73,248 ",United States,Columbus
Dominic Baker,Sr. Analyst,Accounting,Manufacturing,Male,51,"$91,853 ",United States,Chicago
Adam Nelson,Director,Finance,Speciality Products,Male,25,"$168,014 ",United States,Chicago
Autumn Reed,Development Engineer,Engineering,Corporate,Female,37,"$70,770 ",United States,Miami
Robert Edwards,HRIS Analyst,Human Resources,Corporate,Male,62,"$50,825 ",United States,Seattle
Roman Martinez,Sr. Manger,Finance,Research & Development,Male,31,"$145,846 ",Brazil,Manaus
Eleanor Li,Sr. Manger,Human Resources,Research & Development,Female,64,"$125,807 ",United States,Chicago
Connor Vang,Analyst,Sales,Speciality Products,Male,25,"$46,845 ",United States,Miami
Ellie Chung,Sr. Manger,Marketing,Corporate,Female,59,"$157,969 ",China,Chongqing
Violet Hall,Solutions Architect,IT,Corporate,Female,40,"$97,807 ",United States,Chicago
Dylan Padilla,HRIS Analyst,Human Resources,Manufacturing,Male,31,"$73,854 ",United States,Seattle
Nathan Pham,Sr. Manger,Accounting,Manufacturing,Male,45,"$149,537 ",United States,Seattle
Ayla Brown,Sr. Manger,Sales,Manufacturing,Female,49,"$128,303 ",United States,Phoenix
Isaac Mitchell,Network Architect,IT,Speciality Products,Male,46,"$67,374 ",United States,Austin
Jayden Jimenez,Manager,Human Resources,Corporate,Male,46,"$102,167 ",Brazil,Rio de Janerio
Jaxon Tran,Sr. Manger,Sales,Manufacturing,Male,45,"$151,027 ",China,Shanghai
Connor Fong,Manager,Accounting,Speciality Products,Male,40,"$120,905 ",United States,Seattle
Emery Mitchell,Vice President,Finance,Manufacturing,Female,48,"$231,567 ",United States,Seattle
Landon Luu,Vice President,IT,Research & Development,Male,31,"$215,388 ",United States,Miami
Sophia Ahmed,Sr. Manger,Sales,Speciality Products,Female,30,"$127,972 ",United States,Seattle
Sofia Dinh,Operations Engineer,Engineering,Corporate,Female,55,"$80,701 ",United States,Chicago
Jonathan Patel,Manager,Marketing,Corporate,Male,28,"$115,417 ",China,Shanghai
Piper Patterson,Quality Engineer,Engineering,Corporate,Female,45,"$88,045 ",United States,Chicago
Cora Evans,Computer Systems Manager,IT,Speciality Products,Female,45,"$86,478 ",United States,Austin
Cameron Young,Vice President,Engineering,Manufacturing,Male,63,"$180,994 ",United States,Seattle
Melody Ho,Analyst II,Finance,Research & Development,Female,55,"$64,494 ",United States,Columbus
Aiden Bryant,Account Representative,Sales,Manufacturing,Male,47,"$70,122 ",United States,Columbus
Grayson Walker,Director,Accounting,Manufacturing,Male,29,"$181,854 ",United States,Seattle
Scarlett Figueroa,Business Partner,Human Resources,Speciality Products,Female,34,"$52,811 ",United States,Miami
Madeline Hoang,Systems Analyst,IT,Research & Development,Female,28,"$50,111 ",China,Chengdu
Ezra Simmons,Network Administrator,IT,Manufacturing,Male,31,"$71,192 ",United States,Austin
Ruby Medina,Director,Sales,Manufacturing,Female,50,"$155,351 ",United States,Seattle
Luke Zheng,Director,Human Resources,Speciality Products,Male,39,"$161,690 ",China,Beijing
Rylee Dinh,Development Engineer,Engineering,Speciality Products,Female,35,"$60,132 ",China,Chongqing
Miles Evans,Network Architect,IT,Manufacturing,Male,54,"$87,216 ",United States,Miami
Leo Owens,Systems Analyst,IT,Corporate,Male,47,"$50,069 ",United States,Seattle
Caroline Owens,Director,IT,Speciality Products,Female,26,"$151,108 ",United States,Phoenix
Kennedy Do,Computer Systems Manager,IT,Manufacturing,Female,42,"$67,398 ",United States,Phoenix
Jade Acosta,Development Engineer,Engineering,Research & Development,Female,47,"$68,488 ",United States,Seattle
Mila Vasquez,Quality Engineer,Engineering,Manufacturing,Female,60,"$92,932 ",United States,Columbus
Allison Ayala,Analyst,Finance,Corporate,Female,36,"$43,363 ",United States,Austin
Jace Zhang,Service Desk Analyst,IT,Speciality Products,Male,31,"$95,963 ",China,Chengdu
Allison Medina,Manager,Finance,Speciality Products,Female,55,"$111,038 ",Brazil,Sao Paulo
Maria Wilson,Vice President,Engineering,Research & Development,Female,51,"$200,246 ",United States,Columbus
Everly Coleman,Vice President,IT,Corporate,Female,48,"$194,871 ",United States,Columbus
Jordan Gomez,Sr. Analyst,Accounting,Research & Development,Male,58,"$98,769 ",Brazil,Rio de Janerio
Isla Chavez,Account Representative,Sales,Research & Development,Female,29,"$65,334 ",Brazil,Rio de Janerio
Hannah Gomez,Technical Architect,IT,Manufacturing,Female,25,"$83,934 ",United States,Miami
Jacob Davis,Director,Accounting,Research & Development,Male,36,"$150,399 ",United States,Chicago
Eli Gupta,Director,Human Resources,Research & Development,Male,37,"$160,280 ",China,Beijing
Andrew Huynh,Business Partner,Human Resources,Speciality Products,Male,57,"$54,051 ",United States,Miami
Anna Gutierrez,Director,Engineering,Research & Development,Female,59,"$150,699 ",Brazil,Sao Paulo
Samuel Vega,Analyst II,Marketing,Speciality Products,Male,37,"$69,570 ",United States,Miami
Liliana Do,Service Desk Analyst,IT,Manufacturing,Female,30,"$86,774 ",China,Chengdu
Isaac Sanders,HRIS Analyst,Human Resources,Manufacturing,Male,49,"$57,606 ",United States,Miami
Raelynn Gupta,Sr. Manger,Finance,Corporate,Female,48,"$125,730 ",China,Chongqing
Genesis Xiong,System Administrator ,IT,Research & Development,Female,51,"$64,170 ",United States,Columbus
Lucas Ramos,Sr. Business Partner,Human Resources,Speciality Products,Male,56,"$72,303 ",United States,Phoenix
Santiago f Gonzalez,Manager,Sales,Research & Development,Male,36,"$105,891 ",United States,Seattle
Henry Zhu,Vice President,Marketing,Speciality Products,Male,38,"$255,230 ",United States,Austin
Emily Contreras,Analyst II,Sales,Manufacturing,Female,56,"$59,591 ",Brazil,Sao Paulo
Hailey Lai,Vice President,Human Resources,Manufacturing,Female,52,"$187,048 ",China,Chengdu
Vivian Guzman,Analyst II,Finance,Speciality Products,Female,53,"$58,605 ",United States,Phoenix
Hadley Contreras,Director,Engineering,Corporate,Female,60,"$178,502 ",United States,Austin
Nathan Sun,Manager,Accounting,Speciality Products,Male,63,"$103,724 ",China,Shanghai
Grace Campos,Director,Engineering,Research & Development,Female,37,"$156,277 ",Brazil,Manaus
Autumn Ortiz,Field Engineer,Engineering,Research & Development,Female,30,"$87,744 ",Brazil,Sao Paulo
Connor Walker,Analyst II,Finance,Manufacturing,Male,30,"$54,714 ",United States,Columbus
Mia Wu,Enterprise Architect,IT,Corporate,Female,45,"$99,169 ",China,Beijing
Julia Luong,Sr. Manger,Accounting,Research & Development,Female,55,"$142,628 ",China,Chongqing
Eleanor Delgado,Sr. Analyst,Marketing,Manufacturing,Female,33,"$75,869 ",Brazil,Sao Paulo
Addison Roberts,Network Architect,IT,Manufacturing,Female,65,"$60,985 ",United States,Seattle
Camila Li,Sr. Manger,IT,Research & Development,Female,60,"$126,911 ",China,Shanghai
Ezekiel Fong,Vice President,Sales,Research & Development,Male,56,"$216,949 ",China,Shanghai
Dylan Thao,Director,Engineering,Manufacturing,Male,53,"$168,510 ",United States,Seattle
Josephine Salazar,Field Engineer,Engineering,Speciality Products,Female,36,"$85,870 ",Brazil,Sao Paulo
Genesis Hu,Sr. Analyst,Marketing,Corporate,Female,46,"$86,510 ",China,Beijing
Mila Juarez,Manager,Sales,Speciality Products,Female,38,"$119,647 ",Brazil,Sao Paulo
Daniel Perry,Enterprise Architect,IT,Research & Development,Male,62,"$80,921 ",United States,Columbus
Paisley Hunter,Engineering Manager,Engineering,Research & Development,Female,61,"$98,110 ",United States,Chicago
Everleigh White,Network Architect,IT,Speciality Products,Female,59,"$86,831 ",United States,Phoenix
Penelope Choi,Technical Architect,IT,Speciality Products,Female,49,"$72,826 ",China,Beijing
Piper Sun,Director,Marketing,Manufacturing,Female,64,"$171,217 ",United States,Seattle
Lucy Johnson,Manager,IT,Research & Development,Female,57,"$103,058 ",United States,Columbus
Ian Ngo,Manager,Sales,Speciality Products,Male,52,"$117,062 ",United States,Phoenix
Joseph Vazquez,Sr. Manger,Accounting,Speciality Products,Male,40,"$159,031 ",United States,Miami
Hadley Guerrero,Sr. Manger,IT,Research & Development,Female,49,"$125,086 ",Brazil,Sao Paulo
Jose Brown,System Administrator ,IT,Speciality Products,Male,43,"$67,976 ",United States,Seattle
Benjamin Ford,Analyst II,Finance,Speciality Products,Male,31,"$74,215 ",United States,Phoenix
Henry Shah,Director,Accounting,Manufacturing,Male,55,"$187,389 ",China,Chengdu
Ivy Daniels,Sr. Manger,Human Resources,Speciality Products,Female,41,"$131,841 ",United States,Columbus
Thomas Chang,Sr. Analyst,Accounting,Research & Development,Male,34,"$97,231 ",China,Beijing
Caroline Phan,Sr. Manger,Finance,Corporate,Female,41,"$155,004 ",United States,Austin
Maverick Mehta,Systems Analyst,IT,Manufacturing,Male,40,"$41,859 ",United States,Seattle
Austin Edwards,IT Coordinator,IT,Manufacturing,Male,42,"$52,733 ",United States,Chicago
Daniel Huang,Vice President,Human Resources,Corporate,Male,31,"$250,953 ",United States,Columbus
Lucas Phan,Director,Marketing,Research & Development,Male,49,"$191,807 ",China,Chongqing
Gabriel Yu,Technical Architect,IT,Speciality Products,Male,42,"$64,677 ",China,Chongqing
Mason Watson,Sr. Manger,IT,Corporate,Male,46,"$130,274 ",United States,Chicago
Angel Chang,Network Architect,IT,Research & Development,Male,37,"$96,331 ",China,Shanghai
Madeline Coleman,Sr. Manger,Finance,Research & Development,Female,51,"$150,758 ",United States,Chicago
Thomas Vazquez,Director,Engineering,Corporate,Male,46,"$173,629 ",Brazil,Sao Paulo
Silas Hunter,Solutions Architect,IT,Corporate,Male,55,"$62,174 ",United States,Chicago
Nicholas Brooks,Analyst II,Accounting,Manufacturing,Male,43,"$56,555 ",United States,Phoenix
Dominic Thomas,Analyst II,Marketing,Manufacturing,Male,48,"$74,655 ",United States,Austin
Wesley Adams,System Administrator ,IT,Corporate,Male,48,"$93,017 ",United States,Seattle
Ian Wu,Sr. Analyst,Marketing,Manufacturing,Male,51,"$82,300 ",China,Chengdu
Alice Young,Automation Engineer,Engineering,Research & Development,Female,46,"$91,621 ",United States,Chicago
Logan Carrillo,Sr. Analyst,Marketing,Research & Development,Male,33,"$91,280 ",United States,Miami
Caroline Alexander,Business Partner,Human Resources,Manufacturing,Female,42,"$47,071 ",United States,Columbus
Serenity Bailey,IT Systems Architect,IT,Manufacturing,Female,55,"$81,218 ",United States,Chicago
Elena Tan,Vice President,Engineering,Manufacturing,Female,50,"$181,801 ",China,Chongqing
Eliza Adams,Account Representative,Sales,Manufacturing,Female,26,"$63,137 ",United States,Chicago
Alice Xiong,Vice President,Engineering,Manufacturing,Female,55,"$221,465 ",China,Chengdu
Isla Yoon,Quality Engineer,Engineering,Research & Development,Female,50,"$79,388 ",United States,Austin
Emma Perry,Solutions Architect,IT,Manufacturing,Female,28,"$68,176 ",United States,Seattle
Riley Marquez,Sr. Manger,Finance,Research & Development,Female,39,"$122,829 ",United States,Chicago
Caroline Hu,Sr. Manger,Marketing,Speciality Products,Female,31,"$126,353 ",China,Shanghai
Madison Kumar,Director,Accounting,Speciality Products,Female,55,"$188,727 ",China,Chengdu
Matthew Lim,Sr. Analyst,Sales,Research & Development,Male,52,"$99,624 ",United States,Seattle
Maya Ngo,Manager,Sales,Speciality Products,Female,55,"$108,686 ",United States,Columbus
Alice Soto,Analyst,Accounting,Corporate,Female,56,"$50,857 ",Brazil,Manaus
Andrew Moore,Operations Engineer,Engineering,Manufacturing,Male,47,"$120,628 ",United States,Chicago
Olivia Harris,Director,Sales,Speciality Products,Female,63,"$181,216 ",United States,Columbus
Genesis Banks,Analyst,Finance,Corporate,Female,63,"$46,081 ",United States,Chicago
Victoria Johnson,Sr. Manger,Accounting,Corporate,Female,55,"$159,885 ",United States,Columbus
Eloise Griffin,Director,Sales,Manufacturing,Female,55,"$153,271 ",United States,Austin
Roman Yang,Manager,Human Resources,Manufacturing,Male,42,"$114,242 ",United States,Phoenix
Clara Huynh,IT Coordinator,IT,Speciality Products,Female,39,"$48,415 ",China,Shanghai
Kai Flores,Development Engineer,Engineering,Manufacturing,Male,35,"$65,566 ",United States,Seattle
Jaxson Dinh,Sr. Manger,Marketing,Research & Development,Male,45,"$147,752 ",China,Shanghai
Sophie Vang,Sr. Manger,Marketing,Manufacturing,Female,25,"$136,810 ",China,Chongqing
Axel Jordan,Analyst,Sales,Corporate,Male,47,"$54,635 ",United States,Chicago
Jade Hunter,Cloud Infrastructure Architect,IT,Corporate,Female,42,"$96,636 ",United States,Columbus
Lydia Williams,System Administrator ,IT,Manufacturing,Female,35,"$91,592 ",United States,Chicago
Emery Chang,Business Partner,Human Resources,Research & Development,Female,45,"$55,563 ",China,Chengdu
Savannah He,Director,IT,Research & Development,Female,52,"$159,724 ",China,Beijing
Elias Ahmed,Vice President,Marketing,Corporate,Male,57,"$183,190 ",United States,Chicago
Samantha Woods,Analyst,Accounting,Speciality Products,Female,56,"$54,829 ",United States,Phoenix
Axel Soto,Quality Engineer,Engineering,Corporate,Male,46,"$96,639 ",Brazil,Rio de Janerio
Amelia Choi,Manager,Marketing,Speciality Products,Female,43,"$117,278 ",United States,Miami
Jacob Khan,Computer Systems Manager,IT,Speciality Products,Male,53,"$84,193 ",China,Shanghai
Luna Taylor,Network Administrator,IT,Manufacturing,Female,47,"$87,806 ",United States,Seattle
Dominic Parker,Test Engineer,Engineering,Research & Development,Male,62,"$63,959 ",United States,Seattle
Angel Xiong,Vice President,IT,Research & Development,Male,35,"$234,723 ",China,Shanghai
Emma Cao,Analyst,Accounting,Corporate,Female,27,"$50,809 ",China,Chongqing
Ezekiel Bryant,Sr. Analyst,Finance,Manufacturing,Male,55,"$77,396 ",United States,Miami
Natalie Hwang,Sr. Analyst,Finance,Speciality Products,Female,63,"$89,523 ",United States,Phoenix
Adeline Yang,Cloud Infrastructure Architect,IT,Corporate,Female,53,"$86,173 ",China,Chongqing
Allison Roberts,Vice President,Sales,Manufacturing,Female,54,"$222,224 ",United States,Columbus
Andrew Do,Sr. Manger,Finance,Research & Development,Male,43,"$146,140 ",United States,Seattle
Eliana Grant,Engineering Manager,Engineering,Speciality Products,Female,64,"$109,456 ",United States,Chicago
Mila Soto,Director,Finance,Research & Development,Female,65,"$170,221 ",Brazil,Manaus
Gabriella Johnson,Computer Systems Manager,IT,Research & Development,Female,42,"$97,433 ",United States,Seattle
Jonathan Khan,Account Representative,Sales,Manufacturing,Male,35,"$59,646 ",China,Shanghai
Elias Dang,Director,Engineering,Speciality Products,Male,64,"$158,787 ",China,Chengdu
Theodore Ngo,Controls Engineer,Engineering,Research & Development,Male,55,"$83,378 ",China,Beijing
Bella Lopez,Sr. Analyst,Marketing,Corporate,Female,32,"$88,895 ",United States,Chicago
Luca Truong,Director,Marketing,Corporate,Male,45,"$168,846 ",China,Chongqing
Nathan Lau,Business Partner,Human Resources,Research & Development,Male,35,"$43,336 ",United States,Austin
Henry Campos,Sr. Manger,Human Resources,Corporate,Male,38,"$127,801 ",United States,Phoenix
Connor Bell,Network Administrator,IT,Corporate,Male,54,"$76,352 ",United States,Austin
Angel Stewart,Vice President,Finance,Corporate,Male,28,"$250,767 ",United States,Seattle
Landon Brown,Vice President,Marketing,Corporate,Male,26,"$223,055 ",United States,Columbus
Nicholas Rivera,Director,Engineering,Corporate,Male,45,"$189,680 ",Brazil,Sao Paulo
Gabriel Carter,Test Engineer,Engineering,Manufacturing,Male,57,"$71,167 ",United States,Columbus
Leilani Baker,Technical Architect,IT,Speciality Products,Female,59,"$76,027 ",United States,Seattle
Ian Flores,Director,Engineering,Corporate,Male,48,"$183,113 ",Brazil,Rio de Janerio
Hudson Thompson,Analyst II,Accounting,Manufacturing,Male,30,"$67,753 ",United States,Phoenix
Ian Miller,Computer Systems Manager,IT,Corporate,Male,31,"$63,744 ",United States,Austin
Harper Chin,Quality Engineer,Engineering,Manufacturing,Female,50,"$92,209 ",China,Shanghai
Santiago f Brooks,Sr. Manger,Sales,Corporate,Male,51,"$157,487 ",United States,Phoenix
Dylan Dominguez,Sr. Analyst,Marketing,Research & Development,Male,42,"$99,697 ",Brazil,Rio de Janerio
Everett Lee,Network Administrator,IT,Research & Development,Male,45,"$90,770 ",United States,Columbus
Madelyn Mehta,Analyst,Sales,Speciality Products,Female,64,"$55,369 ",United States,Phoenix
Athena Vasquez,Field Engineer,Engineering,Speciality Products,Female,59,"$69,578 ",Brazil,Rio de Janerio
William Watson,Director,Accounting,Speciality Products,Male,41,"$167,526 ",United States,Miami
Everleigh Nunez,Field Engineer,Engineering,Speciality Products,Female,42,"$65,507 ",Brazil,Manaus
Leo Fernandez,Manager,Finance,Research & Development,Male,54,"$108,268 ",Brazil,Sao Paulo
Joshua Lin,Technical Architect,IT,Research & Development,Male,37,"$80,055 ",China,Beijing
Alexander Rivera,Sr. Analyst,Sales,Research & Development,Male,58,"$76,802 ",Brazil,Manaus
David Desai,Vice President,Sales,Speciality Products,Male,47,"$253,249 ",United States,Austin
Aubrey Yoon,Sr. Business Partner,Human Resources,Research & Development,Female,60,"$78,388 ",China,Chongqing
Grayson Brown,Vice President,IT,Corporate,Male,38,"$249,870 ",United States,Chicago
Noah Chen,Sr. Manger,Marketing,Manufacturing,Male,63,"$148,321 ",China,Beijing
Ella Nguyen,Service Desk Analyst,IT,Corporate,Female,60,"$90,258 ",China,Chongqing
Athena Jordan,System Administrator ,IT,Manufacturing,Female,42,"$72,486 ",United States,Seattle
Adrian Ruiz,Sr. Analyst,Finance,Corporate,Male,34,"$95,499 ",Brazil,Sao Paulo
Zoe Sanchez,Sr. Analyst,Accounting,Research & Development,Female,53,"$90,212 ",Brazil,Sao Paulo
Jameson Chen,Vice President,Marketing,Research & Development,Male,39,"$254,057 ",China,Shanghai
Liliana Soto,Business Partner,Human Resources,Manufacturing,Female,58,"$43,001 ",United States,Austin
Lincoln Reyes,Computer Systems Manager,IT,Manufacturing,Male,60,"$85,120 ",United States,Seattle
Grayson Soto,Business Partner,Human Resources,Manufacturing,Male,34,"$52,200 ",United States,Columbus
Julia Morris,Sr. Manger,Human Resources,Corporate,Female,60,"$150,855 ",United States,Phoenix
Ava Ortiz,Enterprise Architect,IT,Manufacturing,Female,53,"$65,702 ",United States,Columbus
Carson Chau,Director,Finance,Corporate,Male,58,"$162,038 ",China,Chongqing
Lillian Chen,Sr. Manger,Marketing,Research & Development,Female,25,"$157,057 ",United States,Columbus
Josiah Lewis,Manager,IT,Research & Development,Male,46,"$127,559 ",United States,Austin
Claire Jones,Field Engineer,Engineering,Corporate,Female,39,"$62,644 ",United States,Seattle
Jeremiah Lu,Network Architect,IT,Manufacturing,Male,50,"$73,907 ",China,Shanghai
Nova Hill,Sr. Analyst,Accounting,Manufacturing,Female,56,"$90,040 ",United States,Chicago
Peyton Cruz,Development Engineer,Engineering,Manufacturing,Female,30,"$91,134 ",Brazil,Sao Paulo
Naomi Zhao,Vice President,Human Resources,Speciality Products,Female,45,"$201,396 ",United States,Miami
Rylee Bui,Analyst,Accounting,Corporate,Female,55,"$54,733 ",China,Chongqing
Andrew Reed,System Administrator ,IT,Corporate,Male,28,"$65,341 ",United States,Miami
Brooklyn Collins,Sr. Manger,Finance,Corporate,Female,59,"$139,208 ",United States,Austin
John Jung,Sr. Analyst,Sales,Speciality Products,Male,63,"$73,200 ",China,Shanghai
Samantha Aguilar,Manager,Accounting,Speciality Products,Female,46,"$102,636 ",United States,Seattle
Madeline Acosta,Sr. Account Representative,Sales,Speciality Products,Female,26,"$87,427 ",Brazil,Sao Paulo
Ethan Joseph,IT Coordinator,IT,Research & Development,Male,45,"$49,219 ",United States,Columbus
Miles Mehta,Manager,Finance,Manufacturing,Male,50,"$106,437 ",China,Chongqing
Joshua Juarez,Analyst II,Finance,Manufacturing,Male,46,"$64,364 ",Brazil,Sao Paulo
Matthew Howard,Director,Human Resources,Manufacturing,Male,50,"$172,180 ",United States,Columbus
Jade Figueroa,Sr. Analyst,Sales,Manufacturing,Female,33,"$88,343 ",Brazil,Rio de Janerio
Everett Morales,Solutions Architect,IT,Speciality Products,Male,57,"$66,649 ",Brazil,Rio de Janerio
Genesis Hunter,Manager,Finance,Corporate,Female,48,"$102,847 ",United States,Chicago
Henry Figueroa,Sr. Manger,Finance,Manufacturing,Male,46,"$134,881 ",Brazil,Manaus
Nicholas Song,Analyst II,Marketing,Manufacturing,Male,52,"$68,807 ",China,Chengdu
Jack Alexander,Vice President,IT,Manufacturing,Male,56,"$228,822 ",United States,Miami
Jameson Foster,Analyst,Marketing,Manufacturing,Male,28,"$43,391 ",United States,Columbus
Leonardo Lo,Quality Engineer,Engineering,Speciality Products,Male,29,"$91,782 ",China,Chongqing
Ella Huang,Vice President,Marketing,Corporate,Female,45,"$211,637 ",United States,Chicago
Liam Jordan,Computer Systems Manager,IT,Manufacturing,Male,28,"$73,255 ",United States,Phoenix
Isaac Woods,Manager,Sales,Corporate,Male,28,"$108,826 ",United States,Miami
Luke Wilson,Solutions Architect,IT,Speciality Products,Male,34,"$94,352 ",United States,Miami
Lyla Alvarez,IT Systems Architect,IT,Research & Development,Female,55,"$73,955 ",United States,Phoenix
Caleb Flores,Manager,Human Resources,Manufacturing,Male,34,"$113,909 ",Brazil,Rio de Janerio
Angel Lin,Network Administrator,IT,Manufacturing,Male,27,"$92,321 ",United States,Chicago
Easton Moore,Computer Systems Manager,IT,Research & Development,Male,52,"$99,557 ",United States,Seattle
Kinsley Collins,Automation Engineer,Engineering,Speciality Products,Female,28,"$115,854 ",United States,Phoenix
Brooklyn Salazar,IT Systems Architect,IT,Manufacturing,Female,44,"$82,462 ",United States,Austin
Scarlett Jenkins,Vice President,IT,Research & Development,Female,53,"$198,473 ",United States,Miami
Melody Chin,Sr. Manger,Finance,Corporate,Female,43,"$153,492 ",United States,Chicago
Eloise Alexander,Vice President,Human Resources,Corporate,Female,28,"$208,210 ",United States,Seattle
Carter Turner,Sr. Analyst,Marketing,Corporate,Male,33,"$91,632 ",United States,Phoenix
Andrew Ma,HRIS Analyst,Human Resources,Corporate,Male,31,"$71,755 ",China,Chongqing
Hailey Xi,Manager,Accounting,Corporate,Female,52,"$111,006 ",China,Chongqing
Aiden Le,Cloud Infrastructure Architect,IT,Corporate,Male,55,"$99,774 ",United States,Austin
Christopher Lim,Director,IT,Research & Development,Male,55,"$184,648 ",China,Shanghai
James Castillo,Vice President,IT,Manufacturing,Male,51,"$247,874 ",Brazil,Manaus
Greyson Dang,Development Engineer,Engineering,Manufacturing,Male,60,"$62,239 ",China,Beijing
Hannah King,Manager,Accounting,Speciality Products,Female,31,"$114,911 ",United States,Chicago
Wesley Dominguez,Engineering Manager,Engineering,Corporate,Male,45,"$115,490 ",United States,Chicago
Dominic Hu,Manager,Accounting,Speciality Products,Male,34,"$118,708 ",China,Shanghai
Nora Park,Director,Accounting,Speciality Products,Female,29,"$197,649 ",United States,Columbus
Audrey Hwang,Sr. Analyst,Accounting,Speciality Products,Female,45,"$89,841 ",China,Beijing
Ella Jenkins,Analyst II,Finance,Speciality Products,Female,52,"$61,026 ",United States,Phoenix
Peyton Owens,Controls Engineer,Engineering,Speciality Products,Female,48,"$96,693 ",United States,Chicago
Alice Lopez,Test Engineer,Engineering,Speciality Products,Female,48,"$82,907 ",United States,Seattle
Dominic Le,Vice President,Marketing,Corporate,Male,41,"$257,194 ",China,Chongqing
Ezra Ortiz,Quality Engineer,Engineering,Research & Development,Male,41,"$94,658 ",United States,Miami
Grayson Luu,Quality Engineer,Engineering,Research & Development,Male,55,"$89,419 ",China,Shanghai
Brooks Stewart,HRIS Analyst,Human Resources,Manufacturing,Male,45,"$51,983 ",United States,Columbus
Naomi Xi,Director,Finance,Corporate,Female,53,"$179,494 ",China,Chongqing
Silas Estrada,IT Systems Architect,IT,Corporate,Male,49,"$68,426 ",Brazil,Rio de Janerio
Skylar Ayala,Sr. Manger,Finance,Corporate,Female,55,"$144,986 ",United States,Phoenix
Lydia Huynh,Account Representative,Sales,Speciality Products,Female,45,"$60,113 ",United States,Chicago
Hazel Cortez,HRIS Analyst,Human Resources,Research & Development,Female,52,"$50,548 ",Brazil,Sao Paulo
Everleigh Adams,Analyst II,Marketing,Manufacturing,Female,33,"$68,846 ",United States,Chicago
Layla Salazar,Solutions Architect,IT,Corporate,Female,59,"$90,901 ",United States,Seattle
Willow Chen,Manager,Accounting,Corporate,Female,50,"$102,033 ",United States,Austin
Penelope Griffin,Director,Sales,Manufacturing,Female,61,"$151,783 ",United States,Seattle
Lillian Romero,Director,Engineering,Corporate,Female,27,"$170,164 ",United States,Austin
Stella Wu,Sr. Manger,Marketing,Speciality Products,Female,35,"$155,905 ",United States,Phoenix
Parker Vang,Analyst,Sales,Corporate,Male,40,"$50,733 ",United States,Miami
Mila Roberts,Sr. Business Partner,Human Resources,Corporate,Female,30,"$88,663 ",United States,Phoenix
Isaac Liu,Field Engineer,Engineering,Manufacturing,Male,60,"$88,213 ",China,Chongqing
Jacob Doan,Analyst II,Sales,Speciality Products,Male,55,"$67,130 ",United States,Miami
Raelynn Ma,Sr. Analyst,Finance,Speciality Products,Female,33,"$94,876 ",United States,Miami
Jameson Juarez,Development Engineer,Engineering,Speciality Products,Male,62,"$98,230 ",United States,Miami
Everleigh Shah,Test Engineer,Engineering,Research & Development,Female,36,"$96,757 ",United States,Columbus
Alexander Foster,Analyst II,Marketing,Manufacturing,Male,35,"$51,513 ",United States,Columbus
Ryan Ha,Vice President,Marketing,Corporate,Male,60,"$234,311 ",United States,Miami
Chloe Salazar,Sr. Manger,Human Resources,Speciality Products,Female,45,"$152,353 ",United States,Seattle
Layla Scott,Sr. Manger,Accounting,Speciality Products,Female,48,"$124,774 ",United States,Phoenix
Leah Khan,Director,Marketing,Corporate,Female,36,"$157,070 ",China,Chongqing
Mason Jimenez,Sr. Manger,Finance,Speciality Products,Male,44,"$130,133 ",United States,Austin
Hailey Dang,Manager,Marketing,Manufacturing,Female,64,"$108,780 ",China,Shanghai
Amelia Bui,Director,Engineering,Speciality Products,Female,46,"$151,853 ",China,Chengdu
Elena Her,Account Representative,Sales,Manufacturing,Female,62,"$64,669 ",China,Chongqing
Ian Cortez,Analyst II,Marketing,Research & Development,Male,61,"$69,352 ",Brazil,Rio de Janerio
Christian Ali,Analyst II,Marketing,Research & Development,Male,65,"$74,631 ",China,Chongqing
Carter Ortiz,Quality Engineer,Engineering,Speciality Products,Male,54,"$96,441 ",Brazil,Sao Paulo
Grayson Chan,Engineering Manager,Engineering,Speciality Products,Male,46,"$114,250 ",China,Chengdu
Nolan Molina,Computer Systems Manager,IT,Corporate,Male,36,"$70,165 ",Brazil,Manaus
Adam Kaur,Manager,IT,Corporate,Male,60,"$109,059 ",China,Chengdu
Amelia Kaur,Operations Engineer,Engineering,Research & Development,Female,30,"$77,442 ",United States,Columbus
Autumn Gonzales,Analyst II,Sales,Corporate,Female,34,"$72,126 ",Brazil,Manaus
Ezra Wilson,Service Desk Analyst,IT,Manufacturing,Male,55,"$70,334 ",United States,Miami
Jacob Cheng,Quality Engineer,Engineering,Research & Development,Male,59,"$78,006 ",United States,Miami
Melody Valdez,Director,IT,Manufacturing,Female,28,"$160,385 ",United States,Miami
Caroline Nelson,Vice President,Finance,Corporate,Female,36,"$202,323 ",United States,Chicago
Ellie Guerrero,Sr. Manger,Human Resources,Corporate,Female,29,"$141,555 ",Brazil,Manaus
Genesis Zhu,Director,Finance,Speciality Products,Female,34,"$184,960 ",United States,Seattle
Jonathan Ho,Vice President,IT,Manufacturing,Male,37,"$221,592 ",United States,Columbus
Savannah Park,HRIS Analyst,Human Resources,Manufacturing,Female,44,"$53,301 ",United States,Seattle
Nathan Chan,Cloud Infrastructure Architect,IT,Corporate,Male,45,"$91,276 ",United States,Seattle
Sofia Vu,Sr. Manger,Human Resources,Research & Development,Female,52,"$140,042 ",United States,Austin
Ruby Choi,Analyst,Accounting,Manufacturing,Female,40,"$57,225 ",United States,Columbus
Lily Pena,Manager,Human Resources,Speciality Products,Female,55,"$102,839 ",United States,Miami
Liam Zhang,Director,Marketing,Research & Development,Male,29,"$199,783 ",United States,Chicago
Ian Gutierrez,Sr. Business Partner,Human Resources,Research & Development,Male,32,"$70,980 ",Brazil,Rio de Janerio
David Simmons,Manager,Marketing,Corporate,Male,51,"$104,431 ",United States,Phoenix
Lincoln Henderson,Business Partner,Human Resources,Speciality Products,Male,28,"$48,510 ",United States,Chicago
Nathan Miller,Quality Engineer,Engineering,Speciality Products,Male,27,"$70,110 ",United States,Miami
James Singh,Director,Marketing,Corporate,Male,45,"$186,138 ",China,Chongqing
Kayden Ortega,Analyst,Accounting,Manufacturing,Male,58,"$56,350 ",Brazil,Rio de Janerio
Lucy Figueroa,Sr. Manger,Finance,Research & Development,Female,45,"$149,761 ",United States,Columbus
Joshua Cortez,Sr. Manger,Finance,Corporate,Male,44,"$126,277 ",Brazil,Manaus
Alexander Morris,Manager,Sales,Speciality Products,Male,33,"$119,631 ",United States,Phoenix
Grayson Chin,Vice President,IT,Research & Development,Male,26,"$256,561 ",United States,Austin
Allison Espinoza,Solutions Architect,IT,Speciality Products,Female,45,"$66,958 ",United States,Miami
Naomi Chu,Sr. Manger,Sales,Manufacturing,Female,46,"$158,897 ",China,Chongqing
Jameson Martin,Technical Architect,IT,Corporate,Male,37,"$71,695 ",United States,Phoenix
Sebastian Gupta,Sr. Analyst,Marketing,Corporate,Male,40,"$73,779 ",China,Chongqing
Eloise Pham,Manager,Sales,Speciality Products,Female,45,"$123,640 ",China,Shanghai
Valentina Davis,Analyst,Sales,Speciality Products,Female,33,"$46,878 ",United States,Miami
Brooklyn Daniels,Analyst,Marketing,Speciality Products,Female,64,"$57,032 ",United States,Miami
Paisley Gomez,Sr. Analyst,Sales,Manufacturing,Female,57,"$98,150 ",Brazil,Rio de Janerio
Madison Li,Director,Marketing,Manufacturing,Female,35,"$171,426 ",China,Beijing
Everleigh Simmons,Analyst,Finance,Manufacturing,Female,55,"$48,266 ",United States,Chicago
Logan Soto,Vice President,Finance,Research & Development,Male,36,"$223,404 ",United States,Columbus
Charlotte Vo,System Administrator ,IT,Speciality Products,Female,57,"$74,854 ",United States,Seattle
Alice Thompson,Vice President,Accounting,Speciality Products,Female,48,"$217,783 ",United States,Seattle
Peyton Garza,Systems Analyst,IT,Manufacturing,Female,53,"$44,735 ",Brazil,Manaus
Nora Nelson,Analyst II,Finance,Manufacturing,Female,41,"$50,685 ",United States,Columbus
Maverick Li,Analyst II,Sales,Research & Development,Male,34,"$58,993 ",United States,Austin
Ian Barnes,Operations Engineer,Engineering,Corporate,Male,47,"$115,765 ",United States,Miami
Athena Vu,Director,Accounting,Manufacturing,Female,63,"$193,044 ",United States,Miami
Ruby Washington,Analyst,Marketing,Research & Development,Female,65,"$56,686 ",United States,Seattle
Bella Butler,Sr. Manger,Finance,Manufacturing,Female,33,"$131,652 ",United States,Seattle
Kinsley Henry,Director,Marketing,Manufacturing,Female,45,"$150,577 ",United States,Miami
Kennedy Romero,Engineering Manager,Engineering,Research & Development,Female,37,"$87,359 ",Brazil,Rio de Janerio
Zoe Do,Analyst II,Sales,Speciality Products,Female,60,"$51,877 ",China,Beijing
Everett Khan,Solutions Architect,IT,Manufacturing,Male,43,"$86,417 ",United States,Chicago
Anna Han,System Administrator ,IT,Research & Development,Female,65,"$96,548 ",United States,Austin
Leilani Sharma,Sr. Analyst,Accounting,Manufacturing,Female,43,"$92,940 ",China,Chengdu
Jordan Cho,Analyst II,Accounting,Speciality Products,Male,28,"$61,410 ",United States,Phoenix
Nova Williams,Manager,Finance,Speciality Products,Female,61,"$110,302 ",United States,Miami
Scarlett Hill,Director,Engineering,Speciality Products,Female,45,"$187,205 ",United States,Columbus
Dominic Scott,Sr. Analyst,Sales,Corporate,Male,45,"$81,687 ",United States,Phoenix
Anthony Marquez,Vice President,IT,Speciality Products,Male,54,"$241,083 ",United States,Columbus
Elena Patterson,Vice President,Finance,Speciality Products,Female,38,"$223,805 ",United States,Chicago
Madison Nelson,Director,Accounting,Corporate,Female,27,"$161,759 ",United States,Miami
William Walker,Computer Systems Manager,IT,Research & Development,Male,40,"$95,899 ",United States,Columbus
Lincoln Wong,Sr. Analyst,Finance,Corporate,Male,49,"$80,700 ",United States,Columbus
James Huang,Manager,Human Resources,Speciality Products,Male,54,"$128,136 ",China,Beijing
Emery Ford,Analyst II,Marketing,Corporate,Female,39,"$58,745 ",United States,Austin
Paisley Trinh,Technical Architect,IT,Corporate,Female,57,"$76,202 ",United States,Austin
Hudson Williams,Vice President,Sales,Speciality Products,Male,36,"$195,200 ",United States,Austin
Harper Phan,Analyst II,Finance,Manufacturing,Female,45,"$71,454 ",China,Shanghai
Madeline Allen,Cloud Infrastructure Architect,IT,Manufacturing,Female,30,"$94,652 ",United States,Seattle
Charles Moore,Technical Architect,IT,Manufacturing,Male,34,"$63,411 ",United States,Miami
Lincoln Fong,Analyst II,Sales,Speciality Products,Male,31,"$67,171 ",China,Chongqing
Isla Guzman,Sr. Manger,Accounting,Speciality Products,Female,28,"$152,036 ",Brazil,Rio de Janerio
Hailey Foster,Controls Engineer,Engineering,Manufacturing,Female,55,"$95,562 ",United States,Chicago
Hudson Hill,Sr. Analyst,Sales,Research & Development,Male,30,"$96,092 ",United States,Austin
Wyatt Li,Vice President,Engineering,Manufacturing,Male,63,"$254,289 ",United States,Chicago
Maverick Henry,Computer Systems Manager,IT,Research & Development,Male,26,"$69,110 ",United States,Chicago
Xavier Jackson,Vice President,Marketing,Speciality Products,Male,52,"$236,314 ",United States,Miami
Christian Medina,Analyst,Marketing,Corporate,Male,51,"$45,206 ",United States,Columbus
Autumn Leung,Vice President,Finance,Research & Development,Female,25,"$210,708 ",United States,Chicago
Robert Vazquez,System Administrator ,IT,Corporate,Male,40,"$87,770 ",United States,Austin
Aria Roberts,Manager,Accounting,Corporate,Female,38,"$106,858 ",United States,Seattle
Axel Johnson,Director,Human Resources,Corporate,Male,60,"$155,788 ",United States,Seattle
Madeline Garcia,Sr. Business Partner,Human Resources,Speciality Products,Female,45,"$74,891 ",Brazil,Rio de Janerio
Christopher Chung,Controls Engineer,Engineering,Corporate,Male,28,"$95,670 ",United States,Phoenix
Eliana Turner,Account Representative,Sales,Research & Development,Female,65,"$67,837 ",United States,Austin
Daniel Shah,Analyst II,Sales,Research & Development,Male,41,"$72,425 ",China,Beijing
Penelope Gonzalez,Sr. Analyst,Sales,Corporate,Female,52,"$93,103 ",United States,Phoenix
Mila Allen,Controls Engineer,Engineering,Corporate,Female,56,"$76,272 ",United States,Miami
Emilia Chu,Analyst II,Finance,Manufacturing,Female,48,"$55,760 ",United States,Austin
Emily Clark,Vice President,Accounting,Corporate,Female,36,"$253,294 ",United States,Miami
Roman King,Analyst II,Finance,Corporate,Male,60,"$58,671 ",United States,Columbus
Emery Do,Account Representative,Sales,Research & Development,Female,40,"$55,457 ",United States,Columbus
Autumn Thao,Account Representative,Sales,Manufacturing,Female,63,"$72,340 ",United States,Phoenix
Naomi Coleman,Manager,Marketing,Corporate,Female,29,"$122,054 ",United States,Phoenix
Cora Zheng,Director,IT,Manufacturing,Female,27,"$167,100 ",China,Chengdu
Ayla Daniels,Technical Architect,IT,Corporate,Female,53,"$78,153 ",United States,Miami
Allison Daniels,Manager,Finance,Manufacturing,Female,37,"$103,524 ",United States,Phoenix
Mateo Harris,Manager,IT,Corporate,Male,30,"$119,906 ",United States,Columbus
Samantha Rogers,Analyst,Marketing,Speciality Products,Female,28,"$45,061 ",United States,Miami
Julian Lee,IT Systems Architect,IT,Corporate,Male,51,"$91,399 ",United States,Seattle
Nicholas Avila,Enterprise Architect,IT,Research & Development,Male,28,"$97,336 ",United States,Austin
Hailey Watson,Sr. Manger,Accounting,Corporate,Female,31,"$124,629 ",United States,Columbus
Willow Woods,Vice President,Human Resources,Speciality Products,Female,28,"$231,850 ",United States,Miami
Alexander Gonzales,Manager,Accounting,Research & Development,Male,34,"$128,329 ",United States,Phoenix
Aiden Gonzales,Vice President,Marketing,Speciality Products,Male,44,"$186,033 ",Brazil,Sao Paulo
Joshua Chin,Sr. Manger,Marketing,Manufacturing,Male,60,"$121,480 ",United States,Phoenix
Paisley Hall,Director,Human Resources,Speciality Products,Female,41,"$153,275 ",United States,Columbus
Allison Leung,Sr. Analyst,Sales,Research & Development,Female,62,"$97,830 ",United States,Austin
Hannah Mejia,Vice President,Marketing,Corporate,Female,47,"$239,394 ",United States,Austin
Elizabeth Huang,Analyst,Finance,Speciality Products,Female,62,"$49,738 ",China,Beijing
Abigail Garza,Analyst,Accounting,Manufacturing,Female,33,"$45,049 ",United States,Seattle
Raelynn Lu,Director,Finance,Research & Development,Female,27,"$153,628 ",China,Chongqing
Charles Luu,Sr. Manger,Sales,Manufacturing,Male,25,"$142,731 ",China,Shanghai
Lydia Espinoza,Sr. Manger,Marketing,Speciality Products,Female,29,"$137,106 ",Brazil,Sao Paulo
Adeline Thao,Vice President,Finance,Corporate,Female,54,"$183,239 ",United States,Seattle
Kinsley Dixon,Analyst,Accounting,Manufacturing,Female,28,"$45,819 ",United States,Miami
Natalia Vu,Analyst,Accounting,Research & Development,Female,54,"$55,518 ",United States,Columbus
Julia Mai,Manager,Marketing,Manufacturing,Female,50,"$108,134 ",China,Shanghai
Camila Evans,Manager,Marketing,Research & Development,Female,55,"$113,950 ",United States,Miami
Everly Lai,Vice President,Marketing,Speciality Products,Female,52,"$182,035 ",United States,Chicago
Adam He,Director,Accounting,Speciality Products,Male,35,"$181,356 ",China,Beijing
Vivian Hunter,Account Representative,Sales,Corporate,Female,26,"$66,084 ",United States,Seattle
Lucy Avila,Solutions Architect,IT,Speciality Products,Female,43,"$76,912 ",Brazil,Sao Paulo
Eliana Li,Test Engineer,Engineering,Research & Development,Female,63,"$67,987 ",United States,Miami
Logan Mitchell,Analyst II,Marketing,Manufacturing,Male,65,"$59,833 ",United States,Columbus
Dominic Dinh,Sr. Manger,Marketing,Speciality Products,Male,45,"$128,468 ",United States,Chicago
Lucas Daniels,Manager,Sales,Corporate,Male,42,"$102,440 ",United States,Chicago
Andrew Holmes,Vice President,IT,Speciality Products,Male,59,"$246,619 ",United States,Miami
Julia Sandoval,Manager,Human Resources,Corporate,Female,42,"$101,143 ",United States,Miami
Kennedy Vargas,Business Partner,Human Resources,Manufacturing,Female,45,"$51,404 ",Brazil,Manaus
Thomas Williams,Field Engineer,Engineering,Speciality Products,Male,45,"$87,292 ",United States,Columbus
Raelynn Hong,Director,Marketing,Speciality Products,Female,28,"$182,321 ",China,Beijing
Eli Reed,Systems Analyst,IT,Corporate,Male,51,"$53,929 ",United States,Miami
Lyla Yoon,Vice President,Accounting,Manufacturing,Female,38,"$191,571 ",United States,Austin
Hannah White,Sr. Manger,Accounting,Corporate,Female,62,"$150,555 ",United States,Phoenix
Theodore Xi,Manager,Finance,Corporate,Male,52,"$122,890 ",China,Shanghai
Ezra Liang,Vice President,Finance,Research & Development,Male,52,"$216,999 ",United States,Miami
Grayson Yee,Manager,Human Resources,Corporate,Male,48,"$110,565 ",China,Beijing
Eli Richardson,IT Coordinator,IT,Speciality Products,Male,38,"$48,762 ",United States,Seattle
Audrey Lee,Development Engineer,Engineering,Speciality Products,Female,51,"$87,036 ",China,Chongqing
Jameson Allen,Director,Marketing,Speciality Products,Male,32,"$177,443 ",United States,Seattle
Eliza Chen,Enterprise Architect,IT,Research & Development,Female,36,"$75,862 ",United States,Austin
Lyla Chen,Sr. Business Partner,Human Resources,Research & Development,Female,45,"$90,870 ",United States,Chicago
Emily Doan,Engineering Manager,Engineering,Corporate,Female,32,"$99,202 ",United States,Phoenix
Jack Mai,Sr. Analyst,Marketing,Corporate,Male,45,"$92,293 ",China,Chengdu
Grayson Turner,Solutions Architect,IT,Corporate,Male,54,"$63,196 ",United States,Chicago
Ivy Tang,Development Engineer,Engineering,Speciality Products,Female,48,"$65,340 ",China,Shanghai
Robert Zhang,Vice President,Marketing,Corporate,Male,45,"$202,680 ",United States,Phoenix
Eva Alvarado,Computer Systems Manager,IT,Manufacturing,Female,46,"$77,461 ",Brazil,Sao Paulo
Abigail Vang,Operations Engineer,Engineering,Research & Development,Female,40,"$109,680 ",China,Chengdu
Claire Adams,Director,Sales,Manufacturing,Female,61,"$159,567 ",United States,Phoenix
Theodore Marquez,Development Engineer,Engineering,Speciality Products,Male,54,"$94,407 ",Brazil,Sao Paulo
Hunter Nunez,Vice President,Human Resources,Corporate,Male,62,"$234,594 ",United States,Seattle
Charles Henderson,Systems Analyst,IT,Speciality Products,Male,48,"$43,080 ",United States,Austin
Camila Cortez,Manager,Marketing,Manufacturing,Female,29,"$129,541 ",United States,Phoenix
Aaron Garza,Director,Sales,Research & Development,Male,39,"$165,756 ",United States,Columbus
Jose Singh,Sr. Manger,Finance,Speciality Products,Male,44,"$142,878 ",United States,Columbus
Gabriel Joseph,Director,Engineering,Manufacturing,Male,52,"$187,992 ",United States,Miami
Natalia Santos,Vice President,Human Resources,Speciality Products,Female,45,"$249,801 ",Brazil,Sao Paulo
Dylan Wilson,Network Administrator,IT,Research & Development,Male,48,"$76,505 ",United States,Seattle
Robert Alvarez,Service Desk Analyst,IT,Corporate,Male,39,"$84,297 ",Brazil,Manaus
Samantha Chavez,Sr. Analyst,Sales,Speciality Products,Female,53,"$75,769 ",Brazil,Manaus
Samuel Bailey,Vice President,Accounting,Speciality Products,Male,41,"$235,619 ",United States,Seattle
Ezekiel Delgado,Director,Engineering,Speciality Products,Male,40,"$187,187 ",Brazil,Manaus
Benjamin Ramirez,Network Engineer,IT,Research & Development,Male,48,"$68,987 ",United States,Chicago
Anthony Carter,Director,Engineering,Speciality Products,Male,41,"$155,926 ",United States,Columbus
Ethan Tang,Sr. Analyst,Accounting,Speciality Products,Male,54,"$93,668 ",United States,Chicago
Sebastian Rogers,HRIS Analyst,Human Resources,Research & Development,Male,38,"$69,647 ",United States,Miami
Miles Thao,System Administrator ,IT,Corporate,Male,57,"$63,318 ",United States,Columbus
William Cao,Sr. Analyst,Marketing,Manufacturing,Male,63,"$77,629 ",China,Beijing
Leo Hsu,Sr. Manger,Human Resources,Manufacturing,Male,62,"$138,808 ",China,Chongqing
Avery Grant,Enterprise Architect,IT,Research & Development,Female,49,"$88,777 ",United States,Chicago
Penelope Fong,Director,Accounting,Corporate,Female,60,"$186,378 ",China,Chongqing
Vivian Thao,Quality Engineer,Engineering,Research & Development,Female,45,"$60,017 ",United States,Chicago
Eva Estrada,Sr. Manger,Sales,Speciality Products,Female,45,"$148,991 ",Brazil,Sao Paulo
Emma Luna,Field Engineer,Engineering,Speciality Products,Female,52,"$97,398 ",Brazil,Manaus
Charlotte Wu,Sr. Business Partner,Human Resources,Manufacturing,Female,63,"$72,805 ",China,Shanghai
Vivian Chu,Sr. Account Representative,Sales,Research & Development,Female,46,"$72,131 ",China,Shanghai
Jayden Williams,Manager,Human Resources,Manufacturing,Male,64,"$104,668 ",United States,Columbus
Amelia Bell,Sr. Analyst,Sales,Manufacturing,Female,53,"$89,769 ",United States,Seattle
Addison Mehta,Manager,Sales,Corporate,Female,27,"$127,616 ",United States,Columbus
Alexander Jackson,Manager,Human Resources,Corporate,Male,45,"$109,883 ",United States,Columbus
Everly Lin,Business Partner,Human Resources,Manufacturing,Female,25,"$47,974 ",China,Chongqing
Lyla Stewart,Sr. Manger,IT,Speciality Products,Female,43,"$120,321 ",United States,Austin
Brooklyn Ruiz,IT Coordinator,IT,Manufacturing,Female,61,"$57,446 ",United States,Phoenix
Skylar Evans,Director,Accounting,Research & Development,Female,42,"$174,099 ",United States,Austin
Lincoln Huynh,Sr. Manger,Finance,Manufacturing,Male,63,"$128,703 ",United States,Austin
Hazel Griffin,Field Engineer,Engineering,Corporate,Female,32,"$65,247 ",United States,Phoenix
Charles Gonzalez,Quality Engineer,Engineering,Research & Development,Male,27,"$64,247 ",Brazil,Rio de Janerio
Leah Patterson,Manager,Human Resources,Research & Development,Female,33,"$118,253 ",United States,Austin
Avery Sun,Operations Engineer,Engineering,Manufacturing,Female,45,"$109,422 ",China,Chongqing
Isaac Yoon,Manager,Human Resources,Corporate,Male,41,"$126,950 ",United States,Chicago
Isabella Bui,Enterprise Architect,IT,Manufacturing,Female,36,"$97,500 ",United States,Miami
Gabriel Zhou,IT Coordinator,IT,Manufacturing,Male,25,"$41,844 ",China,Chongqing
Jack Vu,Analyst II,Accounting,Research & Development,Male,43,"$58,875 ",China,Chengdu
Valentina Moua,Account Representative,Sales,Manufacturing,Female,37,"$64,204 ",United States,Columbus
Quinn Trinh,Analyst II,Sales,Corporate,Female,42,"$67,743 ",China,Beijing
Caroline Nelson,Sr. Account Representative,Sales,Speciality Products,Female,60,"$71,677 ",United States,Columbus
Miles Dang,IT Coordinator,IT,Speciality Products,Male,61,"$40,063 ",United States,Miami
Leah Bryant,IT Coordinator,IT,Manufacturing,Female,55,"$40,124 ",United States,Austin
Henry Jung,Automation Engineer,Engineering,Manufacturing,Male,57,"$103,183 ",United States,Austin
Benjamin Mai,System Administrator ,IT,Corporate,Male,54,"$95,239 ",United States,Phoenix
Anna Han,Development Engineer,Engineering,Manufacturing,Female,29,"$75,012 ",United States,Chicago
Ariana Kim,Network Architect,IT,Manufacturing,Female,33,"$96,366 ",China,Chengdu
Alice Tran,Analyst,Marketing,Corporate,Female,39,"$40,897 ",United States,Seattle
Hailey Song,Manager,Finance,Research & Development,Female,37,"$124,928 ",China,Chongqing
Lydia Morales,Manager,Finance,Speciality Products,Female,51,"$108,221 ",Brazil,Manaus
Liam Sanders,Sr. Business Partner,Human Resources,Corporate,Male,46,"$75,579 ",United States,Seattle
Luke Sanchez,Sr. Manger,Human Resources,Manufacturing,Male,41,"$129,903 ",Brazil,Sao Paulo
Grace Sun,Director,Finance,Research & Development,Female,25,"$186,870 ",China,Shanghai
Ezra Banks,Analyst II,Sales,Research & Development,Male,37,"$57,531 ",United States,Chicago
Jayden Kang,Analyst,Finance,Research & Development,Male,46,"$55,894 ",United States,Seattle
Skylar Shah,Field Engineer,Engineering,Manufacturing,Female,42,"$72,903 ",United States,Phoenix
Sebastian Le,Analyst,Finance,Corporate,Male,37,"$45,369 ",China,Beijing
Luca Nelson,Manager,Finance,Speciality Products,Male,60,"$106,578 ",United States,Miami
Riley Ramirez,Sr. Business Partner,Human Resources,Research & Development,Female,52,"$92,994 ",United States,Chicago
Jaxon Fong,Sr. Analyst,Sales,Speciality Products,Male,59,"$83,685 ",China,Beijing
Kayden Jordan,Cloud Infrastructure Architect,IT,Research & Development,Male,48,"$99,335 ",United States,Phoenix
Alexander James,Sr. Manger,Human Resources,Manufacturing,Male,42,"$131,179 ",United States,Columbus
Connor Luu,Computer Systems Manager,IT,Speciality Products,Male,35,"$73,899 ",China,Chengdu
Christopher Lam,Vice President,Accounting,Manufacturing,Male,64,"$252,325 ",United States,Columbus
Sophie Owens,Analyst II,Finance,Research & Development,Female,30,"$52,697 ",United States,Seattle
Addison Perez,Operations Engineer,Engineering,Speciality Products,Female,29,"$123,588 ",Brazil,Sao Paulo
Hadley Dang,Vice President,Accounting,Corporate,Female,47,"$243,568 ",United States,Austin
Ethan Mehta,Director,Sales,Research & Development,Male,49,"$199,176 ",United States,Phoenix
Madison Her,Technical Architect,IT,Speciality Products,Female,56,"$82,806 ",United States,Seattle
Savannah Singh,Director,Marketing,Speciality Products,Female,53,"$164,399 ",United States,Seattle
Nevaeh Hsu,Sr. Manger,Human Resources,Manufacturing,Female,32,"$154,956 ",United States,Phoenix
Jordan Zhu,Sr. Manger,Marketing,Manufacturing,Male,32,"$143,970 ",United States,Seattle
Jackson Navarro,Director,Sales,Corporate,Male,52,"$163,143 ",Brazil,Sao Paulo
Sadie Patterson,Sr. Analyst,Accounting,Speciality Products,Female,38,"$89,390 ",United States,Seattle
Christopher Butler,Network Architect,IT,Manufacturing,Male,41,"$67,468 ",United States,Miami
Penelope Rodriguez,Engineering Manager,Engineering,Manufacturing,Female,49,"$100,810 ",Brazil,Rio de Janerio
Emily Lau,Sr. Analyst,Finance,Manufacturing,Female,35,"$74,779 ",United States,Phoenix
Sophie Oh,Network Engineer,IT,Corporate,Female,29,"$63,985 ",United States,Miami
Chloe Allen,Solutions Architect,IT,Manufacturing,Female,64,"$77,903 ",United States,Seattle
Caleb Nelson,Director,Marketing,Corporate,Male,33,"$164,396 ",United States,Columbus
Oliver Moua,IT Systems Architect,IT,Corporate,Male,29,"$71,234 ",United States,Seattle
Wesley Doan,Manager,Finance,Corporate,Male,63,"$122,487 ",China,Shanghai
Nova Hsu,Manager,Human Resources,Speciality Products,Female,32,"$101,870 ",United States,Phoenix
Levi Moreno,Systems Analyst,IT,Research & Development,Male,64,"$40,316 ",Brazil,Manaus
Gianna Ha,Manager,IT,Research & Development,Female,55,"$115,145 ",China,Chongqing
Lillian Gonzales,Cloud Infrastructure Architect,IT,Manufacturing,Female,43,"$62,335 ",Brazil,Manaus
Ezra Singh,Analyst,Finance,Manufacturing,Male,56,"$41,561 ",United States,Austin
Audrey Patel,Sr. Manger,Finance,Speciality Products,Female,37,"$131,183 ",China,Shanghai
Brooklyn Cho,Technical Architect,IT,Manufacturing,Female,45,"$92,655 ",China,Chengdu
Piper Ramos,Sr. Manger,Sales,Manufacturing,Female,49,"$157,057 ",United States,Miami
Eleanor Williams,Enterprise Architect,IT,Speciality Products,Female,61,"$64,462 ",United States,Chicago
Melody Grant,Quality Engineer,Engineering,Corporate,Female,41,"$79,352 ",United States,Seattle
Paisley Sanders,Sr. Manger,Marketing,Speciality Products,Female,55,"$157,812 ",United States,Miami
Santiago f Gray,Quality Engineer,Engineering,Corporate,Male,27,"$80,745 ",United States,Chicago
Josephine Richardson,System Administrator ,IT,Manufacturing,Female,57,"$75,354 ",United States,Austin
Jaxson Santiago,Engineering Manager,Engineering,Research & Development,Male,56,"$78,938 ",United States,Phoenix
Lincoln Ramos,Operations Engineer,Engineering,Corporate,Male,59,"$96,313 ",United States,Austin
Dylan Campbell,Director,Engineering,Speciality Products,Male,45,"$153,767 ",United States,Phoenix
Olivia Gray,Manager,Marketing,Research & Development,Female,42,"$103,423 ",United States,Columbus
Emery Doan,Controls Engineer,Engineering,Corporate,Female,25,"$86,464 ",China,Shanghai
Caroline Perez,Controls Engineer,Engineering,Corporate,Female,29,"$80,516 ",Brazil,Sao Paulo
Genesis Woods,Manager,Human Resources,Speciality Products,Female,33,"$105,390 ",United States,Columbus
Ruby Sun,Cloud Infrastructure Architect,IT,Manufacturing,Female,50,"$83,418 ",China,Shanghai
Nevaeh James,Solutions Architect,IT,Speciality Products,Female,45,"$66,660 ",United States,Austin
Parker Sandoval,Manager,Human Resources,Speciality Products,Male,59,"$101,985 ",United States,Miami
Austin Rojas,Vice President,Finance,Corporate,Male,29,"$199,504 ",United States,Austin
Vivian Espinoza,Sr. Manger,Sales,Corporate,Female,52,"$147,966 ",Brazil,Rio de Janerio
Cooper Gupta,Business Partner,Human Resources,Speciality Products,Male,58,"$41,728 ",China,Chongqing
Axel Santos,Sr. Analyst,Accounting,Speciality Products,Male,62,"$94,422 ",United States,Phoenix
Samuel Song,Director,Sales,Corporate,Male,31,"$191,026 ",United States,Columbus
Aiden Silva,Vice President,IT,Research & Development,Male,42,"$186,725 ",Brazil,Manaus
Eliana Allen,Business Partner,Human Resources,Research & Development,Female,56,"$52,800 ",United States,Phoenix
Grayson James,Operations Engineer,Engineering,Speciality Products,Male,54,"$113,982 ",United States,Seattle
Hailey Yee,Account Representative,Sales,Research & Development,Female,54,"$56,239 ",China,Chongqing
Ian Vargas,Analyst,Sales,Manufacturing,Male,26,"$44,732 ",Brazil,Rio de Janerio
John Trinh,Director,Marketing,Corporate,Male,49,"$153,961 ",China,Shanghai
Sofia Trinh,Network Architect,IT,Speciality Products,Female,45,"$68,337 ",China,Chongqing
Santiago f Moua,Sr. Manger,Human Resources,Corporate,Male,45,"$145,093 ",United States,Chicago
Layla Collins,IT Systems Architect,IT,Speciality Products,Female,26,"$74,170 ",United States,Austin
Jaxon Powell,Field Engineer,Engineering,Research & Development,Male,59,"$62,605 ",United States,Austin
Naomi Washington,Manager,IT,Speciality Products,Female,51,"$107,195 ",United States,Austin
Ryan Holmes,Sr. Manger,Marketing,Speciality Products,Male,45,"$127,422 ",United States,Columbus
Bella Holmes,Director,Accounting,Research & Development,Female,35,"$161,269 ",United States,Miami
Hailey Sanchez,Vice President,Marketing,Corporate,Female,32,"$203,445 ",Brazil,Manaus
Sofia Yoon,Sr. Manger,Human Resources,Research & Development,Female,37,"$131,353 ",China,Shanghai
Eli Rahman,Service Desk Analyst,IT,Manufacturing,Male,45,"$88,182 ",China,Chengdu
Christopher Howard,Enterprise Architect,IT,Speciality Products,Male,61,"$75,780 ",United States,Seattle
Alice Mehta,Analyst II,Sales,Research & Development,Female,45,"$52,621 ",China,Beijing
Cooper Yoon,Engineering Manager,Engineering,Research & Development,Male,60,"$106,079 ",United States,Austin
John Delgado,Cloud Infrastructure Architect,IT,Corporate,Male,30,"$92,058 ",United States,Austin
Jaxson Liang,Field Engineer,Engineering,Manufacturing,Male,64,"$67,114 ",United States,Phoenix
Caroline Santos,Analyst II,Finance,Research & Development,Female,25,"$56,565 ",Brazil,Sao Paulo
Lily Henderson,HRIS Analyst,Human Resources,Manufacturing,Female,61,"$64,937 ",United States,Phoenix
Hannah Martinez,Manager,Marketing,Manufacturing,Female,65,"$127,626 ",United States,Miami
William Phillips,Network Architect,IT,Corporate,Male,61,"$88,478 ",United States,Austin
Eliza Zheng,Computer Systems Manager,IT,Speciality Products,Female,48,"$91,679 ",China,Chongqing
John Dang,Director,Sales,Corporate,Male,58,"$199,848 ",China,Chongqing
Joshua Yang,Network Engineer,IT,Manufacturing,Male,34,"$61,944 ",China,Shanghai
Hazel Young,Sr. Manger,Sales,Speciality Products,Female,30,"$154,624 ",United States,Austin
Thomas Jung,Sr. Analyst,Accounting,Research & Development,Male,50,"$79,447 ",China,Shanghai
Xavier Perez,Sr. Analyst,Sales,Manufacturing,Male,51,"$71,111 ",Brazil,Rio de Janerio
Elijah Coleman,Sr. Manger,Sales,Research & Development,Male,53,"$159,538 ",United States,Miami
Clara Sanchez,Controls Engineer,Engineering,Corporate,Female,47,"$111,404 ",Brazil,Rio de Janerio
Isaac Stewart,Director,Marketing,Speciality Products,Male,25,"$172,007 ",United States,Miami
Claire Romero,Vice President,Marketing,Manufacturing,Female,37,"$219,474 ",Brazil,Manaus
Andrew Coleman,Director,Finance,Corporate,Male,41,"$174,415 ",United States,Miami
Riley Rojas,Network Architect,IT,Speciality Products,Female,36,"$90,333 ",Brazil,Rio de Janerio
Landon Thao,HRIS Analyst,Human Resources,Speciality Products,Male,25,"$67,299 ",United States,Phoenix
Hadley Ford,Systems Analyst,IT,Research & Development,Female,52,"$45,286 ",United States,Chicago
Austin Brown,Director,Marketing,Research & Development,Male,48,"$194,723 ",United States,Phoenix
Christian Fong,Manager,Sales,Research & Development,Male,49,"$109,850 ",China,Beijing
Hazel Alvarez,Business Partner,Human Resources,Research & Development,Female,62,"$45,295 ",Brazil,Sao Paulo
Isabella Bailey,Network Administrator,IT,Manufacturing,Female,36,"$61,310 ",United States,Phoenix
Lincoln Huynh,System Administrator ,IT,Research & Development,Male,55,"$87,851 ",China,Chongqing
Hadley Yee,Business Partner,Human Resources,Speciality Products,Female,31,"$47,913 ",United States,Seattle
Julia Doan,Business Partner,Human Resources,Speciality Products,Female,53,"$46,727 ",United States,Columbus
Dylan Ali,Sr. Manger,Human Resources,Speciality Products,Male,27,"$133,400 ",United States,Phoenix
Eloise Trinh,Solutions Architect,IT,Speciality Products,Female,39,"$90,535 ",United States,Miami
Dylan Kumar,Sr. Analyst,Marketing,Speciality Products,Male,55,"$93,343 ",China,Chongqing
Emily Gupta,HRIS Analyst,Human Resources,Corporate,Female,44,"$63,705 ",United States,Miami
Silas Rivera,Vice President,Sales,Corporate,Male,48,"$258,081 ",United States,Chicago
Jackson Jordan,Business Partner,Human Resources,Research & Development,Male,48,"$54,654 ",United States,Phoenix
Isaac Joseph,Analyst,Sales,Manufacturing,Male,54,"$58,006 ",United States,Seattle
Hailey Lai,Sr. Manger,Finance,Manufacturing,Female,42,"$150,034 ",China,Beijing
Leilani Thao,Director,Human Resources,Speciality Products,Female,38,"$198,562 ",United States,Seattle
Madeline Watson,Account Representative,Sales,Research & Development,Female,40,"$62,411 ",United States,Miami
Silas Huang,Engineering Manager,Engineering,Research & Development,Male,57,"$111,299 ",United States,Miami
Peyton Walker,Analyst,Marketing,Research & Development,Female,43,"$41,545 ",United States,Miami
Jeremiah Hernandez,Network Engineer,IT,Manufacturing,Male,26,"$74,467 ",United States,Columbus
Jace Washington,Manager,Accounting,Research & Development,Male,44,"$117,545 ",United States,Phoenix
Landon Kim,Manager,Human Resources,Speciality Products,Male,50,"$117,226 ",United States,Phoenix
Peyton Vasquez,Analyst,Accounting,Corporate,Female,26,"$55,767 ",United States,Phoenix
Charlotte Baker,Analyst II,Sales,Manufacturing,Female,29,"$60,930 ",United States,Austin
Elena Mendoza,Director,Sales,Speciality Products,Female,27,"$154,973 ",Brazil,Sao Paulo
Nova Lin,Cloud Infrastructure Architect,IT,Manufacturing,Female,33,"$69,332 ",United States,Columbus
Ivy Desai,Controls Engineer,Engineering,Research & Development,Female,59,"$119,699 ",China,Shanghai
Josephine Acosta,Director,Human Resources,Speciality Products,Female,40,"$198,176 ",Brazil,Manaus
Nora Nunez,Analyst II,Finance,Research & Development,Female,45,"$58,586 ",Brazil,Sao Paulo
Caleb Xiong,Sr. Account Representative,Sales,Corporate,Male,38,"$74,010 ",United States,Chicago
Henry Green,Sr. Account Representative,Sales,Speciality Products,Male,32,"$96,598 ",United States,Phoenix
Madelyn Chan,Manager,Sales,Speciality Products,Female,64,"$106,444 ",United States,Phoenix
Angel Delgado,Director,Finance,Corporate,Male,31,"$156,931 ",United States,Seattle
Mia Herrera,Director,Marketing,Research & Development,Female,43,"$171,360 ",Brazil,Manaus
Peyton Harris,Enterprise Architect,IT,Research & Development,Female,45,"$64,505 ",United States,Miami
David Herrera,Engineering Manager,Engineering,Speciality Products,Male,32,"$102,298 ",Brazil,Rio de Janerio
Avery Dominguez,Sr. Manger,Sales,Corporate,Female,27,"$133,297 ",Brazil,Rio de Janerio
Grace Carter,Sr. Manger,Human Resources,Speciality Products,Female,25,"$155,080 ",United States,Austin
Parker Allen,Sr. Analyst,Sales,Speciality Products,Male,31,"$81,828 ",United States,Miami
Sadie Lee,Sr. Manger,Marketing,Corporate,Female,65,"$149,417 ",China,Chengdu
Cooper Valdez,Manager,Sales,Corporate,Male,50,"$113,269 ",Brazil,Sao Paulo
Sebastian Fong,Sr. Manger,IT,Manufacturing,Male,46,"$136,716 ",United States,Austin
Roman Munoz,Sr. Manger,Sales,Speciality Products,Male,54,"$122,644 ",United States,Austin
Charlotte Chang,Manager,Sales,Research & Development,Female,50,"$106,428 ",United States,Chicago
Xavier Davis,Vice President,Finance,Corporate,Male,36,"$238,236 ",United States,Seattle
Natalie Carter,Director,Finance,Corporate,Female,64,"$153,253 ",United States,Austin
Elena Richardson,Manager,Accounting,Manufacturing,Female,34,"$103,707 ",United States,Columbus
Emilia Bailey,Vice President,Accounting,Speciality Products,Female,41,"$245,360 ",United States,Austin
Ryan Lu,Development Engineer,Engineering,Speciality Products,Male,25,"$67,275 ",United States,Columbus
Asher Huynh,Manager,IT,Manufacturing,Male,45,"$101,288 ",United States,Phoenix
Kinsley Martinez,Director,Human Resources,Speciality Products,Female,52,"$177,443 ",Brazil,Sao Paulo
Paisley Bryant,Cloud Infrastructure Architect,IT,Manufacturing,Female,37,"$91,400 ",United States,Chicago
Joshua Ramirez,Vice President,Human Resources,Corporate,Male,44,"$181,247 ",Brazil,Sao Paulo
Joshua Martin,Sr. Manger,Human Resources,Research & Development,Male,42,"$135,558 ",United States,Phoenix
Charles Moore,Analyst,Accounting,Speciality Products,Male,49,"$56,878 ",United States,Seattle
Angel Do,IT Systems Architect,IT,Speciality Products,Male,34,"$94,735 ",China,Beijing
Maverick Medina,Analyst II,Sales,Manufacturing,Male,39,"$51,234 ",United States,Seattle
Isaac Han,Vice President,Human Resources,Speciality Products,Male,31,"$230,025 ",United States,Phoenix
Eliza Liang,Sr. Manger,Human Resources,Speciality Products,Female,36,"$134,006 ",China,Beijing
Zoe Zhou,Manager,Finance,Corporate,Female,61,"$103,096 ",China,Beijing
Nathan Lee,Analyst,Accounting,Manufacturing,Male,29,"$58,703 ",United States,Columbus
Elijah Ramos,Sr. Manger,IT,Speciality Products,Male,33,"$132,544 ",Brazil,Rio de Janerio
Jaxson Coleman,Manager,Finance,Manufacturing,Male,32,"$126,671 ",United States,Miami
Hailey Hong,Account Representative,Sales,Research & Development,Female,33,"$56,405 ",United States,Chicago
Gabriella Zhu,Computer Systems Manager,IT,Speciality Products,Female,36,"$88,730 ",China,Chongqing
Aaron Maldonado,Analyst II,Finance,Manufacturing,Male,39,"$62,861 ",United States,Seattle
Samantha Vargas,Director,Human Resources,Corporate,Female,53,"$151,246 ",Brazil,Sao Paulo
Nora Le,Sr. Manger,IT,Manufacturing,Female,53,"$154,388 ",United States,Seattle
Alice Roberts,Director,Human Resources,Manufacturing,Female,54,"$162,978 ",United States,Miami
Colton Garcia,Solutions Architect,IT,Speciality Products,Male,55,"$80,170 ",United States,Miami
Stella Lai,Sr. Analyst,Accounting,Manufacturing,Female,44,"$98,520 ",United States,Miami
Leonardo Luong,Manager,Finance,Manufacturing,Male,52,"$116,527 ",United States,Phoenix
Nicholas Wong,Director,Sales,Research & Development,Male,27,"$174,607 ",United States,Columbus
Jeremiah Castillo,Analyst II,Accounting,Research & Development,Male,58,"$64,202 ",United States,Columbus
Cooper Jiang,Analyst II,Accounting,Corporate,Male,49,"$50,883 ",China,Chongqing
Penelope Silva,Network Architect,IT,Speciality Products,Female,36,"$94,618 ",United States,Columbus
Jose Richardson,Director,Marketing,Research & Development,Male,26,"$151,556 ",United States,Miami
Eleanor Chau,Development Engineer,Engineering,Research & Development,Female,37,"$80,659 ",United States,Phoenix
John Cho,Director,Human Resources,Speciality Products,Male,47,"$195,385 ",China,Chengdu
Julian Delgado,Systems Analyst,IT,Speciality Products,Male,29,"$52,693 ",Brazil,Rio de Janerio
Isabella Scott,Network Administrator,IT,Research & Development,Female,58,"$72,045 ",United States,Phoenix
Parker Avila,Analyst II,Marketing,Manufacturing,Male,47,"$62,749 ",Brazil,Manaus
Luke Vu,Sr. Manger,Marketing,Speciality Products,Male,52,"$154,884 ",China,Shanghai
Jameson Nelson,Network Architect,IT,Research & Development,Male,61,"$96,566 ",United States,Columbus
Adrian Fernandez,Systems Analyst,IT,Research & Development,Male,45,"$54,994 ",United States,Columbus
Madison Hunter,Network Administrator,IT,Corporate,Female,40,"$61,523 ",United States,Columbus
Jordan Phillips,Vice President,Human Resources,Corporate,Male,45,"$190,512 ",United States,Columbus
Maya Chan,Controls Engineer,Engineering,Speciality Products,Female,37,"$124,827 ",China,Beijing
Wesley King,Manager,Accounting,Manufacturing,Male,57,"$101,577 ",United States,Chicago
Sofia Fernandez,Manager,Accounting,Manufacturing,Female,44,"$105,223 ",United States,Phoenix
Maverick Figueroa,IT Systems Architect,IT,Corporate,Male,48,"$94,815 ",United States,Chicago
Hannah Hoang,Manager,Accounting,Speciality Products,Female,25,"$114,893 ",China,Chengdu
Violet Garcia,Sr. Analyst,Marketing,Speciality Products,Female,35,"$80,622 ",United States,Austin
Aaliyah Mai,Vice President,IT,Speciality Products,Female,57,"$246,589 ",United States,Phoenix
Austin Vang,Manager,Marketing,Speciality Products,Male,49,"$119,397 ",China,Beijing
Maria Sun,Director,Sales,Corporate,Female,25,"$150,666 ",China,Chengdu
Madelyn Scott,Sr. Manger,IT,Research & Development,Female,46,"$148,035 ",United States,Phoenix
Dylan Chin,Director,Finance,Corporate,Male,60,"$158,898 ",United States,Miami
Emery Zhang,Field Engineer,Engineering,Corporate,Female,45,"$89,659 ",China,Beijing
Riley Washington,Director,Sales,Speciality Products,Female,39,"$171,487 ",United States,Phoenix
Raelynn Rios,Vice President,Sales,Manufacturing,Female,43,"$258,498 ",United States,Columbus
Anthony Hong,Sr. Manger,IT,Research & Development,Male,37,"$146,961 ",United States,Columbus
Leo Herrera,Sr. Business Partner,Human Resources,Research & Development,Male,48,"$85,369 ",Brazil,Manaus
Robert Wright,Technical Architect,IT,Manufacturing,Male,30,"$67,489 ",United States,Chicago
Audrey Richardson,Director,IT,Manufacturing,Female,46,"$166,259 ",United States,Chicago
Scarlett Kumar,Systems Analyst,IT,Corporate,Female,55,"$47,032 ",United States,Columbus
Wesley Young,Sr. Analyst,Marketing,Speciality Products,Male,33,"$98,427 ",United States,Columbus
Lillian Khan,Analyst,Finance,Speciality Products,Female,44,"$47,387 ",China,Chengdu
Oliver Yang,Director,Marketing,Speciality Products,Male,31,"$176,710 ",United States,Miami
Lily Nguyen,Sr. Analyst,Finance,Speciality Products,Female,33,"$95,960 ",China,Chengdu
Sofia Cheng,Vice President,Accounting,Corporate,Female,63,"$216,195 ",United States,Miami
